"trade_id","date","symbol","side","qty","price","commission","client_id","desk"
"T0000001",2026-02-18,"AAPL","SELL",688.0793,43.9936,0.2431,"C0005","FX"
"T0000002",2026-03-06,"EURO","BUY",5.736,102.7843,0.1992,"C0051","FI"
"T0000003",2026-06-02,"GOOG","SELL",382.9818,106.9634,0.3936,"C0054","EQ"
"T0000004",2026-03-15,"NVDA","SELL",974.5238,56.0574,0.2756,"C0022","FI"
"T0000005",2026-05-26,"ORO","BUY",745.068,45.1265,0.2631,"C0026","WEALTH"
"T0000006",2026-05-02,"SP500","BUY",908.2497,67.4133,0.3105,"C0051","WEALTH"
"T0000007",2026-02-18,"META","BUY",797.6137,15.2804,0.0884,"C0007","EQ"
"T0000008",2026-05-08,"BONO2027","SELL",215.1105,40.4074,0.2054,"C0064","EQ"
"T0000009",2026-02-16,"BONO2027","SELL",642.2287,232.7632,0.2909,"C0047","WEALTH"
"T0000010",2026-01-24,"ORO","BUY",88.0713,13.5925,0.0442,"C0005","EQ"
"T0000011",2026-03-12,"META","BUY",345.7321,200.9968,0.2874,"C0052","EQ"
"T0000012",2026-04-10,"AMZN","BUY",977.3841,83.303,0.0712,"C0050","FX"
"T0000013",2026-03-30,"GOOG","SELL",68.0086,40.9211,0.0561,"C0061","EQ"
"T0000014",2026-06-14,"LETRA","SELL",812.6114,327.0436,0.1278,"C0005","EQ"
"T0000015",2026-04-20,"NVDA","SELL",546.0844,52.8702,0.0486,"C0032","DERIV"
"T0000016",2026-01-20,"META","BUY",246.153,248.4646,0.0854,"C0076","EQ"
"T0000017",2026-06-03,"AMZN","SELL",150.528,55.6924,0.226,"C0042","FX"
"T0000018",2026-04-24,"GOOG","SELL",439.0734,85.0076,0.1429,"C0078","WEALTH"
"T0000019",2026-04-21,"BONO2027","SELL",741.1126,34.4848,0.2938,"C0047","EQ"
"T0000020",2026-05-11,"MSFT","BUY",938.8344,25.9801,0.1604,"C0043","FI"
"T0000021",2026-02-10,"META","BUY",780.4129,11.0194,0.0487,"C0016","FI"
"T0000022",2026-03-30,"MSFT","BUY",836.8941,33.1932,0.0682,"C0056","EQ"
"T0000023",2026-01-27,"MSFT","SELL",624.3801,97.6819,0.1496,"C0060","DERIV"
"T0000024",2026-06-13,"BONO2030","BUY",130.6514,22.6069,0.1052,"C0036","WEALTH"
"T0000025",2026-04-19,"AMZN","BUY",150.4592,21.5943,0.2342,"C0031","EQ"
"T0000026",2026-01-05,"SP500","BUY",621.4832,38.4314,0.1488,"C0053","EQ"
"T0000027",2026-06-11,"BONO2027","BUY",225.8582,62.0107,0.0698,"C0010","FI"
"T0000028",2026-04-02,"MSFT","SELL",851.101,36.7567,0.0978,"C0061","EQ"
"T0000029",2026-04-14,"DOLAR","BUY",312.2234,144.0117,0.2505,"C0054","WEALTH"
"T0000030",2026-01-03,"META","BUY",786.7295,69,0.0771,"C0038","WEALTH"
"T0000031",2026-02-27,"NVDA","SELL",558.9646,53.0463,0.0552,"C0003","EQ"
"T0000032",2026-02-11,"BONO2027","BUY",809.3702,22.599,0.1908,"C0066","FX"
"T0000033",2026-01-24,"GOOG","SELL",990.7853,25.8287,0.1517,"C0069","WEALTH"
"T0000034",2026-06-07,"TSLA","SELL",282.2572,78.9386,0.0843,"C0070","EQ"
"T0000035",2026-02-12,"GOOG","SELL",179.4331,41.8507,0.1322,"C0059","EQ"
"T0000036",2026-05-23,"GOOG","SELL",721.3865,132.2813,0.149,"C0003","EQ"
"T0000037",2026-05-30,"MSFT","BUY",16.4932,14.7766,0.0858,"C0042","FI"
"T0000038",2026-02-27,"AMZN","SELL",974.9606,71.3897,0.1692,"C0023","EQ"
"T0000039",2026-05-16,"AAPL","BUY",452.631,35.8834,0.0897,"C0075","EQ"
"T0000040",2026-02-05,"NVDA","BUY",49.4629,176.0375,0.1106,"C0049","WEALTH"
"T0000041",2026-03-09,"AMZN","SELL",201.4654,76.8413,0.2122,"C0019","FI"
"T0000042",2026-05-26,"AMZN","BUY",106.0572,24.0443,0.1145,"C0024","EQ"
"T0000043",2026-04-19,"GOOG","SELL",15.8963,19.174,0.0499,"C0027","DERIV"
"T0000044",2026-04-02,"GOOG","BUY",932.3229,65.6069,0.116,"C0001","FX"
"T0000045",2026-01-04,"META","BUY",191.7843,42.7079,0.049,"C0077","FI"
"T0000046",2026-06-27,"META","SELL",970.4375,51.0565,0.0991,"C0042","FI"
"T0000047",2026-04-09,"DOLAR","SELL",355.0043,47.8186,0.0927,"C0041","EQ"
"T0000048",2026-06-26,"GOOG","SELL",932.3985,92.2046,0.913,"C0054","EQ"
"T0000049",2026-06-03,"AAPL","BUY",136.0527,23.1069,0.1825,"C0060","FI"
"T0000050",2026-04-24,"SP500","SELL",854.3422,877.1936,0.1772,"C0041","FI"
"T0000051",2026-01-06,"GOOG","BUY",763.1364,69.08,0.1533,"C0057","DERIV"
"T0000052",2026-05-14,"AAPL","BUY",640.7524,35.5486,0.0989,"C0001","EQ"
"T0000053",2026-05-10,"SP500","SELL",818.1479,48.6271,0.0273,"C0029","WEALTH"
"T0000054",2026-04-26,"META","BUY",502.9118,84.2429,0.4033,"C0034","EQ"
"T0000055",2026-01-03,"AAPL","BUY",373.2916,90.6803,0.0997,"C0049","EQ"
"T0000056",2026-04-28,"ORO","SELL",890.8403,13.1987,0.081,"C0032","EQ"
"T0000057",2026-05-29,"NVDA","SELL",70.156,10.4551,0.0931,"C0048","EQ"
"T0000058",2026-01-02,"EURO","SELL",74.922,50.809,0.259,"C0047","FI"
"T0000059",2026-04-12,"LETRA","BUY",724.0774,106.6382,0.2126,"C0028","FI"
"T0000060",2026-05-18,"MSFT","BUY",953.4966,62.3643,0.3004,"C0032","WEALTH"
"T0000061",2026-02-09,"NVDA","BUY",197.114,124.0172,0.1607,"C0070","EQ"
"T0000062",2026-01-05,"MSFT","BUY",436.664,75.3807,0.1268,"C0074","FI"
"T0000063",2026-02-02,"TSLA","BUY",204.0894,75.8891,0.117,"C0068","WEALTH"
"T0000064",2026-06-26,"BONO2027","SELL",925.7369,209.3797,0.0534,"C0010","EQ"
"T0000065",2026-04-13,"TSLA","BUY",559.7061,23.3434,0.1588,"C0079","FI"
"T0000066",2026-04-19,"MSFT","BUY",375.6824,28.9918,0.111,"C0055","DERIV"
"T0000067",2026-03-14,"DOLAR","SELL",165.3315,74.5008,0.108,"C0053","EQ"
"T0000068",2026-06-06,"NVDA","SELL",970.4146,66.9,0.2556,"C0021","EQ"
"T0000069",2026-03-17,"GOOG","SELL",384.7334,9.4903,0.2811,"C0076","FI"
"T0000070",2026-01-09,"AAPL","SELL",486.1179,83.9516,0.5924,"C0027","FI"
"T0000071",2026-02-04,"META","SELL",221.1405,19.4547,0.1796,"C0040","WEALTH"
"T0000072",2026-01-16,"AMZN","BUY",335.4844,20.4824,0.1284,"C0011","EQ"
"T0000073",2026-04-11,"AMZN","BUY",652.9231,217.3895,0.0788,"C0010","DERIV"
"T0000074",2026-03-10,"DOLAR","BUY",753.3089,138.1426,0.1332,"C0071","FI"
"T0000075",2026-04-28,"META","BUY",199.4924,30.0082,0.3816,"C0078","FI"
"T0000076",2026-05-10,"NVDA","SELL",286.4713,207.1282,0.118,"C0022","EQ"
"T0000077",2026-03-23,"TSLA","BUY",200.2024,35.739,0.3789,"C0077","EQ"
"T0000078",2026-06-01,"LETRA","SELL",566.9289,124.3274,0.1189,"C0068","EQ"
"T0000079",2026-04-23,"TSLA","BUY",168.8848,164.2475,0.1542,"C0060","EQ"
"T0000080",2026-05-26,"BONO2027","BUY",943.6875,158.3491,0.6022,"C0032","WEALTH"
"T0000081",2026-03-10,"META","SELL",504.9037,148.967,0.1381,"C0045","EQ"
"T0000082",2026-04-20,"AMZN","BUY",48.0224,43.3858,0.0569,"C0033","FX"
"T0000083",2026-04-14,"MSFT","BUY",887.9194,35.2551,0.0907,"C0017","FI"
"T0000084",2026-02-09,"GOOG","SELL",197.5808,148.8802,0.0721,"C0021","FX"
"T0000085",2026-05-29,"TSLA","BUY",187.8471,51.5536,0.1434,"C0032","EQ"
"T0000086",2026-02-26,"AAPL","SELL",566.5603,31.6282,0.0964,"C0024","FI"
"T0000087",2026-04-10,"AMZN","BUY",586.7386,24.0468,0.1705,"C0049","FX"
"T0000088",2026-02-11,"TSLA","SELL",970.0014,154.6651,0.3601,"C0031","DERIV"
"T0000089",2026-05-26,"AMZN","SELL",256.6185,100.1279,0.0757,"C0022","EQ"
"T0000090",2026-04-01,"NVDA","BUY",799.5027,178.3399,0.0742,"C0054","DERIV"
"T0000091",2026-01-13,"BONO2030","BUY",139.0455,33.2598,0.1165,"C0031","FI"
"T0000092",2026-06-30,"TSLA","BUY",245.6813,67.2051,0.2308,"C0002","EQ"
"T0000093",2026-02-23,"MSFT","BUY",862.53,22.8919,0.1703,"C0024","FX"
"T0000094",2026-03-24,"GOOG","SELL",618.2372,58.4972,0.1447,"C0050","EQ"
"T0000095",2026-02-01,"MSFT","SELL",285.3163,27.7445,0.349,"C0019","EQ"
"T0000096",2026-03-01,"BONO2027","BUY",653.6988,74.5243,0.1157,"C0046","DERIV"
"T0000097",2026-01-29,"DOLAR","SELL",947.5233,52.9788,0.412,"C0051","EQ"
"T0000098",2026-03-22,"META","BUY",459.5975,173.5527,0.0549,"C0030","FI"
"T0000099",2026-04-18,"AAPL","BUY",246.799,70.3709,0.1609,"C0069","EQ"
"T0000100",2026-05-01,"AMZN","BUY",532.2344,39.5203,0.2338,"C0078","EQ"
"T0000101",2026-03-26,"AAPL","SELL",744.6641,13.5693,0.2691,"C0011","EQ"
"T0000102",2026-05-06,"GOOG","SELL",154.8418,38.006,0.0569,"C0057","EQ"
"T0000103",2026-06-20,"MSFT","BUY",866.7829,34.1625,0.0933,"C0054","EQ"
"T0000104",2026-04-22,"DOLAR","SELL",645.0432,136.7747,0.0426,"C0009","EQ"
"T0000105",2026-03-13,"ORO","BUY",983.8679,78.7195,0.1178,"C0036","EQ"
"T0000106",2026-01-29,"ORO","BUY",161.1572,34.1156,0.1007,"C0078","EQ"
"T0000107",2026-06-15,"META","BUY",203.7918,65.5185,0.2458,"C0075","FI"
"T0000108",2026-01-01,"BONO2030","BUY",839.995,60.7835,0.1744,"C0078","EQ"
"T0000109",2026-05-21,"META","BUY",530.9214,71.0556,0.1138,"C0020","FX"
"T0000110",2026-05-13,"AMZN","BUY",117.1083,43.034,0.3078,"C0064","EQ"
"T0000111",2026-02-24,"NVDA","BUY",825.4929,140.8915,0.1246,"C0056","EQ"
"T0000112",2026-05-24,"LETRA","SELL",844.9422,155.6529,0.2993,"C0045","EQ"
"T0000113",2026-02-12,"NVDA","BUY",308.643,21.4052,0.2028,"C0066","EQ"
"T0000114",2026-02-11,"NVDA","SELL",903.3009,121.1337,0.2021,"C0067","FI"
"T0000115",2026-02-11,"AMZN","SELL",724.3053,30.0362,0.2342,"C0017","DERIV"
"T0000116",2026-04-07,"DOLAR","BUY",883.4462,65.2023,0.0937,"C0040","EQ"
"T0000117",2026-06-06,"BONO2027","SELL",334.0276,121.6023,0.0583,"C0009","EQ"
"T0000118",2026-01-25,"DOLAR","BUY",996.2551,81.0701,0.221,"C0029","DERIV"
"T0000119",2026-04-25,"NVDA","BUY",129.4074,54.2306,0.0623,"C0003","FI"
"T0000120",2026-02-01,"GOOG","SELL",28.7904,58.963,0.079,"C0037","EQ"
"T0000121",2026-03-22,"AAPL","BUY",13.6249,330.486,0.1192,"C0051","WEALTH"
"T0000122",2026-01-14,"SP500","BUY",221.7387,172.3122,0.1907,"C0011","EQ"
"T0000123",2026-04-21,"NVDA","BUY",696.901,55.0546,0.1959,"C0054","FX"
"T0000124",2026-01-06,"AMZN","SELL",33.3117,42.24,0.0452,"C0009","FI"
"T0000125",2026-06-24,"ORO","BUY",366.8442,238.2546,0.1574,"C0039","WEALTH"
"T0000126",2026-02-12,"AMZN","SELL",513.8968,58.6707,0.047,"C0035","EQ"
"T0000127",2026-06-14,"META","SELL",957.1334,75.3568,0.5245,"C0056","EQ"
"T0000128",2026-04-23,"BONO2030","SELL",105.187,155.6352,0.0772,"C0039","EQ"
"T0000129",2026-04-23,"MSFT","BUY",132.9981,33.4281,0.374,"C0067","FX"
"T0000130",2026-01-31,"AAPL","BUY",618.8015,38.5369,0.1109,"C0002","EQ"
"T0000131",2026-06-11,"AMZN","SELL",313.2925,40.218,0.1972,"C0028","EQ"
"T0000132",2026-04-04,"DOLAR","SELL",489.7142,62.6186,0.084,"C0019","FI"
"T0000133",2026-01-06,"NVDA","SELL",790.4722,7.8991,0.1458,"C0056","WEALTH"
"T0000134",2026-02-07,"AAPL","BUY",16.2978,39.0742,0.1958,"C0068","WEALTH"
"T0000135",2026-04-05,"AAPL","SELL",397.6458,96.1353,0.3399,"C0044","FI"
"T0000136",2026-01-06,"MSFT","SELL",674.1867,70.0666,0.0933,"C0029","EQ"
"T0000137",2026-03-25,"AAPL","BUY",687.559,72.2774,0.0532,"C0005","EQ"
"T0000138",2026-01-15,"EURO","BUY",904.2136,15.3407,0.0652,"C0049","EQ"
"T0000139",2026-02-03,"DOLAR","BUY",912.0257,64.924,0.1466,"C0042","FI"
"T0000140",2026-06-19,"NVDA","BUY",265.2998,49.8092,0.1588,"C0037","EQ"
"T0000141",2026-01-12,"NVDA","SELL",985.2676,55.4938,0.1152,"C0057","WEALTH"
"T0000142",2026-05-08,"DOLAR","SELL",68.6931,111.5232,0.14,"C0024","EQ"
"T0000143",2026-06-03,"NVDA","SELL",520.971,173.8977,0.1128,"C0019","FI"
"T0000144",2026-02-10,"EURO","SELL",884.3465,44.6286,0.1056,"C0010","DERIV"
"T0000145",2026-03-07,"ORO","BUY",201.7876,33.8528,0.5231,"C0006","FX"
"T0000146",2026-02-25,"AAPL","BUY",589.5743,44.782,0.1432,"C0006","EQ"
"T0000147",2026-06-01,"GOOG","BUY",139.9071,101.4426,0.2832,"C0043","EQ"
"T0000148",2026-04-08,"LETRA","BUY",932.8839,49.6565,0.6539,"C0062","EQ"
"T0000149",2026-01-25,"GOOG","SELL",293.0575,39.0927,0.0614,"C0008","EQ"
"T0000150",2026-04-02,"NVDA","SELL",269.1961,52.3556,0.1251,"C0020","DERIV"
"T0000151",2026-04-17,"MSFT","BUY",335.5334,161.2829,0.1357,"C0009","EQ"
"T0000152",2026-03-02,"AMZN","BUY",216.8281,26.1403,0.2802,"C0076","FX"
"T0000153",2026-01-14,"META","SELL",113.8352,42.5799,0.1116,"C0054","FI"
"T0000154",2026-06-11,"NVDA","BUY",867.2639,23.4614,0.1641,"C0027","DERIV"
"T0000155",2026-05-04,"LETRA","BUY",725.286,327.3387,0.1516,"C0071","EQ"
"T0000156",2026-04-05,"TSLA","BUY",935.9252,37.3955,0.1702,"C0025","FI"
"T0000157",2026-02-01,"MSFT","SELL",922.8389,112.7128,0.0924,"C0006","EQ"
"T0000158",2026-06-04,"NVDA","SELL",110.6341,56.2797,0.6373,"C0054","WEALTH"
"T0000159",2026-05-18,"MSFT","BUY",329.4461,47.4516,0.0686,"C0044","WEALTH"
"T0000160",2026-01-28,"NVDA","SELL",733.7394,40.8829,0.1129,"C0055","FI"
"T0000161",2026-04-28,"SP500","BUY",149.9434,28.7059,0.1745,"C0029","FI"
"T0000162",2026-02-06,"META","SELL",704.1835,159.6943,0.1761,"C0076","FI"
"T0000163",2026-05-18,"AAPL","SELL",102.2486,90.0842,0.0674,"C0054","WEALTH"
"T0000164",2026-04-23,"NVDA","SELL",617.285,55.975,0.1242,"C0038","WEALTH"
"T0000165",2026-01-05,"MSFT","BUY",779.6156,22.7387,0.0587,"C0037","FX"
"T0000166",2026-02-04,"AAPL","SELL",579.219,36.9982,0.2357,"C0055","DERIV"
"T0000167",2026-03-19,"NVDA","SELL",513.0611,117.0352,0.0783,"C0072","EQ"
"T0000168",2026-01-14,"DOLAR","SELL",288.3605,24.6404,0.0692,"C0024","EQ"
"T0000169",2026-06-05,"TSLA","BUY",29.3711,34.5533,0.1354,"C0058","FX"
"T0000170",2026-05-02,"NVDA","BUY",310.9842,102.1598,0.064,"C0025","WEALTH"
"T0000171",2026-04-07,"NVDA","SELL",451.3038,74.0761,0.1544,"C0059","WEALTH"
"T0000172",2026-05-07,"MSFT","BUY",88.1881,33.7829,0.0974,"C0035","EQ"
"T0000173",2026-01-31,"MSFT","SELL",500.6309,204.8119,0.0932,"C0044","FX"
"T0000174",2026-02-12,"TSLA","BUY",999.1111,21.0602,0.0522,"C0076","EQ"
"T0000175",2026-06-29,"NVDA","SELL",200.1972,169.4473,0.0308,"C0053","WEALTH"
"T0000176",2026-03-22,"MSFT","SELL",903.6637,104.725,0.2646,"C0013","FI"
"T0000177",2026-01-27,"DOLAR","BUY",111.8689,10.1955,0.3909,"C0060","FI"
"T0000178",2026-01-30,"AMZN","BUY",606.391,70.5366,0.2889,"C0004","EQ"
"T0000179",2026-06-29,"DOLAR","BUY",325.9541,103.6293,0.1294,"C0040","FX"
"T0000180",2026-04-10,"NVDA","BUY",861.3922,28.9814,0.1485,"C0036","FI"
"T0000181",2026-03-16,"MSFT","SELL",241.9986,54.1342,0.1681,"C0023","EQ"
"T0000182",2026-05-25,"AMZN","BUY",300.8357,14.8974,0.111,"C0033","EQ"
"T0000183",2026-03-03,"AAPL","SELL",250.7847,26.4154,0.1827,"C0009","EQ"
"T0000184",2026-01-13,"EURO","BUY",713.9062,60.911,0.2236,"C0073","EQ"
"T0000185",2026-05-06,"TSLA","BUY",11.6281,67.8263,0.24,"C0069","FI"
"T0000186",2026-05-04,"MSFT","SELL",426.8393,51.4737,0.2735,"C0038","FI"
"T0000187",2026-03-04,"META","BUY",441.2048,29.3842,0.1056,"C0057","EQ"
"T0000188",2026-02-18,"META","BUY",649.5023,87.7992,0.1661,"C0007","EQ"
"T0000189",2026-03-02,"META","SELL",828.7821,157.9066,0.1275,"C0046","FX"
"T0000190",2026-04-26,"EURO","SELL",582.6288,33.7618,0.0628,"C0032","WEALTH"
"T0000191",2026-01-01,"DOLAR","BUY",876.3573,57.1229,0.0788,"C0002","EQ"
"T0000192",2026-05-25,"ORO","SELL",284.7926,35.6996,0.1146,"C0059","EQ"
"T0000193",2026-06-10,"BONO2030","BUY",980.9957,51.1765,0.1595,"C0044","DERIV"
"T0000194",2026-01-28,"AMZN","BUY",792.2943,62.0912,0.2833,"C0029","EQ"
"T0000195",2026-01-02,"AMZN","BUY",605.0023,50.3142,0.2225,"C0055","EQ"
"T0000196",2026-06-08,"BONO2027","BUY",811.942,41.1079,0.0643,"C0027","FI"
"T0000197",2026-05-16,"NVDA","SELL",147.2525,37.4504,0.195,"C0030","EQ"
"T0000198",2026-05-07,"BONO2027","BUY",259.1906,56.1056,0.0788,"C0021","WEALTH"
"T0000199",2026-01-03,"BONO2027","SELL",692.5943,46.4986,0.2333,"C0051","FX"
"T0000200",2026-01-13,"TSLA","BUY",309.7713,35.3197,0.0767,"C0019","DERIV"
"T0000201",2026-01-12,"SP500","SELL",864.4359,73.8392,0.0646,"C0010","WEALTH"
"T0000202",2026-06-07,"DOLAR","BUY",681.4495,75.4132,0.1427,"C0005","FI"
"T0000203",2026-02-20,"MSFT","BUY",970.4161,62.564,0.0834,"C0042","EQ"
"T0000204",2026-04-05,"META","SELL",124.8485,22.6268,0.2575,"C0049","EQ"
"T0000205",2026-06-14,"TSLA","BUY",791.5986,75.3373,0.0724,"C0049","EQ"
"T0000206",2026-02-16,"META","BUY",559.6853,76.7576,0.1852,"C0049","EQ"
"T0000207",2026-02-25,"NVDA","BUY",922.0183,43.532,0.2455,"C0042","EQ"
"T0000208",2026-05-24,"GOOG","BUY",283.8612,85.0216,0.1101,"C0049","FX"
"T0000209",2026-01-10,"AAPL","BUY",670.0611,150.1275,0.1782,"C0018","EQ"
"T0000210",2026-06-02,"TSLA","SELL",190.2955,70.9689,0.0952,"C0001","EQ"
"T0000211",2026-01-03,"ORO","SELL",101.6119,100.6939,0.0687,"C0003","WEALTH"
"T0000212",2026-03-23,"ORO","SELL",217.8407,152.3315,0.0335,"C0041","EQ"
"T0000213",2026-06-30,"NVDA","SELL",195.3217,205.8421,0.078,"C0020","FX"
"T0000214",2026-01-28,"NVDA","SELL",61.5528,37.1668,0.1723,"C0038","WEALTH"
"T0000215",2026-04-03,"EURO","BUY",970.4485,39.3987,0.1421,"C0037","EQ"
"T0000216",2026-02-26,"BONO2030","SELL",254.3188,41.9662,0.0721,"C0019","WEALTH"
"T0000217",2026-03-25,"TSLA","BUY",759.5515,131.7441,0.1297,"C0078","EQ"
"T0000218",2026-04-28,"DOLAR","BUY",394.9735,86.9536,0.0319,"C0009","EQ"
"T0000219",2026-03-02,"AAPL","SELL",252.9038,117.4747,0.2209,"C0037","FX"
"T0000220",2026-04-12,"TSLA","BUY",796.8213,69.4868,0.0807,"C0054","WEALTH"
"T0000221",2026-06-20,"META","BUY",240.9427,43.3467,0.1261,"C0056","FI"
"T0000222",2026-05-30,"NVDA","BUY",150.5508,17.0317,0.1739,"C0042","EQ"
"T0000223",2026-06-03,"GOOG","SELL",179.4201,13.9612,0.0816,"C0005","EQ"
"T0000224",2026-02-23,"BONO2030","SELL",938.0504,272.8649,0.3277,"C0069","FI"
"T0000225",2026-02-24,"META","BUY",559.4563,54.7714,0.1634,"C0072","FI"
"T0000226",2026-02-23,"GOOG","BUY",729.3717,85.3344,0.1759,"C0022","EQ"
"T0000227",2026-02-27,"DOLAR","BUY",401.8857,95.1634,0.221,"C0032","EQ"
"T0000228",2026-06-22,"TSLA","BUY",227.1985,173.6526,0.2362,"C0017","WEALTH"
"T0000229",2026-06-14,"NVDA","BUY",173.9823,90.6291,0.1885,"C0043","EQ"
"T0000230",2026-02-12,"EURO","SELL",990.7523,55.7622,0.5633,"C0058","FI"
"T0000231",2026-03-26,"TSLA","SELL",887.7765,98.9189,0.0947,"C0049","EQ"
"T0000232",2026-06-11,"DOLAR","SELL",80.3331,72.0848,0.3467,"C0018","WEALTH"
"T0000233",2026-06-02,"MSFT","BUY",507.8991,33.0188,0.0603,"C0052","EQ"
"T0000234",2026-04-12,"META","BUY",890.798,117.5417,0.1002,"C0057","FI"
"T0000235",2026-05-22,"AAPL","SELL",775.9484,62.2746,0.102,"C0011","FI"
"T0000236",2026-02-18,"EURO","SELL",98.8256,53.1031,0.0793,"C0024","EQ"
"T0000237",2026-05-19,"AAPL","SELL",352.5975,26.1384,0.145,"C0049","EQ"
"T0000238",2026-06-05,"LETRA","BUY",739.0209,136.7896,0.2007,"C0039","EQ"
"T0000239",2026-01-18,"DOLAR","BUY",569.8706,39.9687,0.0831,"C0071","WEALTH"
"T0000240",2026-02-24,"AMZN","SELL",544.7235,50.4302,0.1687,"C0057","WEALTH"
"T0000241",2026-06-19,"AAPL","BUY",849.4711,53.3902,0.1987,"C0078","WEALTH"
"T0000242",2026-02-05,"TSLA","BUY",278.062,52.1648,0.1441,"C0079","FX"
"T0000243",2026-05-28,"ORO","SELL",750.6417,85.1596,0.084,"C0023","FI"
"T0000244",2026-03-12,"META","BUY",183.281,112.341,0.0702,"C0067","FX"
"T0000245",2026-04-23,"TSLA","BUY",826.8929,83.8726,0.0815,"C0003","FI"
"T0000246",2026-01-27,"AMZN","BUY",599.89,16.8281,0.1856,"C0052","DERIV"
"T0000247",2026-04-04,"NVDA","BUY",34.8438,7.9448,0.396,"C0010","WEALTH"
"T0000248",2026-05-13,"NVDA","BUY",505.2094,40.7716,0.0948,"C0018","FX"
"T0000249",2026-03-27,"AMZN","BUY",570.7557,47.2279,0.3287,"C0020","EQ"
"T0000250",2026-05-28,"NVDA","BUY",713.9555,48.4605,0.0729,"C0051","FX"
"T0000251",2026-04-24,"META","BUY",424.5224,17.9184,0.0965,"C0013","EQ"
"T0000252",2026-06-18,"GOOG","SELL",721.2645,31.7062,0.1298,"C0028","FI"
"T0000253",2026-05-19,"SP500","SELL",258.5242,12.7395,0.105,"C0075","EQ"
"T0000254",2026-02-07,"TSLA","BUY",918.4244,450.873,0.1513,"C0049","WEALTH"
"T0000255",2026-04-16,"NVDA","BUY",288.2148,84.5452,0.2243,"C0015","DERIV"
"T0000256",2026-05-07,"BONO2027","SELL",938.8402,54.33,0.2547,"C0020","FX"
"T0000257",2026-05-31,"DOLAR","BUY",953.1549,12.0358,0.2148,"C0051","FI"
"T0000258",2026-03-31,"ORO","SELL",144.3584,44.105,0.0551,"C0061","FI"
"T0000259",2026-04-25,"GOOG","SELL",666.93,105.2507,0.0954,"C0056","EQ"
"T0000260",2026-04-15,"NVDA","SELL",943.0657,101.7537,0.1099,"C0058","EQ"
"T0000261",2026-01-11,"NVDA","BUY",443.0682,78.5137,0.206,"C0001","EQ"
"T0000262",2026-05-27,"AAPL","SELL",460.6012,168.6865,0.0531,"C0038","FI"
"T0000263",2026-02-05,"META","BUY",826.3151,12.8218,0.0905,"C0020","FI"
"T0000264",2026-06-19,"NVDA","BUY",680.0777,22.602,0.2026,"C0077","EQ"
"T0000265",2026-02-28,"MSFT","SELL",293.4132,53.7673,0.2411,"C0058","WEALTH"
"T0000266",2026-04-23,"DOLAR","SELL",621.112,61.525,0.1618,"C0010","EQ"
"T0000267",2026-01-30,"NVDA","BUY",555.6606,35.6609,0.3734,"C0015","FI"
"T0000268",2026-04-18,"META","BUY",540.5267,142.3483,0.0319,"C0060","DERIV"
"T0000269",2026-05-29,"GOOG","BUY",926.1062,10.6539,0.156,"C0001","DERIV"
"T0000270",2026-02-16,"BONO2030","BUY",316.4196,24.2533,0.1305,"C0004","EQ"
"T0000271",2026-04-15,"NVDA","BUY",370.3378,196.9864,0.0745,"C0069","DERIV"
"T0000272",2026-03-29,"SP500","BUY",346.6464,111.4839,0.0971,"C0003","WEALTH"
"T0000273",2026-04-24,"SP500","SELL",212.8878,16.2134,0.157,"C0028","DERIV"
"T0000274",2026-05-15,"TSLA","BUY",936.865,105.5118,0.2816,"C0004","DERIV"
"T0000275",2026-05-22,"DOLAR","BUY",292.4537,73.1454,0.1581,"C0048","FI"
"T0000276",2026-01-12,"GOOG","SELL",995.777,18.8264,0.201,"C0054","WEALTH"
"T0000277",2026-06-30,"NVDA","BUY",147.5294,72.796,0.0778,"C0019","FX"
"T0000278",2026-02-20,"TSLA","SELL",851.6079,111.5414,0.1041,"C0053","EQ"
"T0000279",2026-01-10,"DOLAR","BUY",600.1357,24.6289,0.1327,"C0041","FI"
"T0000280",2026-05-01,"AAPL","BUY",836.4774,82.7428,0.1481,"C0044","WEALTH"
"T0000281",2026-03-30,"META","SELL",628.8634,20.3161,0.1867,"C0049","FI"
"T0000282",2026-02-06,"AMZN","SELL",454.6809,83.4111,0.1216,"C0051","DERIV"
"T0000283",2026-06-12,"NVDA","BUY",804.1066,24.8676,0.2153,"C0026","FI"
"T0000284",2026-06-11,"TSLA","BUY",122.3336,40.4232,0.1593,"C0061","EQ"
"T0000285",2026-01-27,"AMZN","SELL",964.2444,23.727,0.0603,"C0025","WEALTH"
"T0000286",2026-02-15,"ORO","SELL",537.2373,95.4053,0.1686,"C0061","EQ"
"T0000287",2026-01-31,"META","SELL",920.1051,48.6397,0.0488,"C0011","EQ"
"T0000288",2026-04-01,"ORO","BUY",541.7231,81.356,0.0928,"C0041","FI"
"T0000289",2026-04-10,"ORO","BUY",106.3997,89.467,0.1618,"C0058","EQ"
"T0000290",2026-04-30,"SP500","BUY",558.8088,54.4002,0.0622,"C0072","FI"
"T0000291",2026-02-22,"AAPL","BUY",977.2245,50.7542,0.1269,"C0067","FX"
"T0000292",2026-01-24,"TSLA","SELL",495.344,75.1862,0.1285,"C0016","EQ"
"T0000293",2026-06-15,"BONO2030","BUY",555.8296,87.4547,0.1263,"C0072","EQ"
"T0000294",2026-05-28,"GOOG","BUY",919.7125,53.8659,0.08,"C0037","FI"
"T0000295",2026-05-03,"META","SELL",350.1511,76.3222,0.1948,"C0061","FX"
"T0000296",2026-04-02,"ORO","BUY",944.3327,103.6047,0.209,"C0005","EQ"
"T0000297",2026-02-02,"MSFT","BUY",968.279,94.0583,0.1075,"C0033","EQ"
"T0000298",2026-04-03,"AMZN","BUY",842.0783,155.6689,0.1757,"C0048","WEALTH"
"T0000299",2026-02-05,"AMZN","SELL",666.3198,12.0255,0.0823,"C0050","FX"
"T0000300",2026-02-14,"GOOG","SELL",231.7948,71.9467,0.1378,"C0037","EQ"
"T0000301",2026-04-06,"AMZN","SELL",958.2971,61.7942,0.2144,"C0059","FI"
"T0000302",2026-04-12,"AAPL","BUY",551.7257,29.5726,0.1575,"C0066","FI"
"T0000303",2026-05-30,"MSFT","BUY",483.1594,29.8943,0.148,"C0046","FX"
"T0000304",2026-06-21,"ORO","SELL",929.9893,83.0478,0.3038,"C0077","FI"
"T0000305",2026-05-15,"AAPL","BUY",233.131,41.0857,0.0867,"C0007","FI"
"T0000306",2026-04-18,"TSLA","SELL",742.7176,44.3355,0.2166,"C0006","FI"
"T0000307",2026-01-05,"AAPL","BUY",25.6267,81.9219,0.1559,"C0032","EQ"
"T0000308",2026-06-08,"MSFT","SELL",245.483,136.2599,0.0874,"C0010","EQ"
"T0000309",2026-06-09,"BONO2027","BUY",870.2302,285.2751,0.1303,"C0035","DERIV"
"T0000310",2026-06-16,"TSLA","SELL",381.7964,101.0781,0.1085,"C0073","WEALTH"
"T0000311",2026-05-21,"ORO","BUY",188.0604,270.859,0.2023,"C0063","FI"
"T0000312",2026-05-02,"TSLA","SELL",156.8395,151.0026,0.1739,"C0052","EQ"
"T0000313",2026-01-30,"GOOG","BUY",808.4128,71.2943,0.0453,"C0049","WEALTH"
"T0000314",2026-02-23,"SP500","SELL",811.1808,66.904,0.3654,"C0068","EQ"
"T0000315",2026-01-02,"BONO2027","BUY",548.1686,255.8858,0.0378,"C0075","FI"
"T0000316",2026-01-28,"TSLA","BUY",294.2904,24.2801,0.2053,"C0062","DERIV"
"T0000317",2026-05-11,"MSFT","SELL",682.0101,57.4868,0.0867,"C0056","FX"
"T0000318",2026-06-10,"TSLA","BUY",843.7615,63.6818,0.2581,"C0077","WEALTH"
"T0000319",2026-04-21,"GOOG","BUY",897.4606,8.3979,0.1724,"C0049","DERIV"
"T0000320",2026-01-09,"NVDA","SELL",916.0612,41.2061,0.3121,"C0043","FX"
"T0000321",2026-02-23,"MSFT","BUY",314.4122,72.0437,0.1221,"C0028","EQ"
"T0000322",2026-05-18,"TSLA","SELL",827.4614,5.6794,0.0316,"C0075","FI"
"T0000323",2026-04-25,"AAPL","SELL",322.8857,73.2808,0.1183,"C0038","FI"
"T0000324",2026-03-23,"MSFT","BUY",344.4606,43.4501,0.1448,"C0030","DERIV"
"T0000325",2026-06-02,"MSFT","BUY",408.9545,77.8035,0.2822,"C0024","FX"
"T0000326",2026-04-18,"GOOG","SELL",140.4837,96.9443,0.0673,"C0037","EQ"
"T0000327",2026-03-14,"NVDA","BUY",855.6527,170.5649,0.1158,"C0028","FI"
"T0000328",2026-05-27,"DOLAR","BUY",217.3393,14.1779,0.1035,"C0067","WEALTH"
"T0000329",2026-03-20,"GOOG","BUY",318.1524,56.4516,0.3353,"C0021","DERIV"
"T0000330",2026-02-15,"MSFT","SELL",541.8566,32.9057,0.0513,"C0079","EQ"
"T0000331",2026-05-11,"BONO2030","SELL",430.909,55.9288,0.2566,"C0006","DERIV"
"T0000332",2026-05-30,"GOOG","BUY",365.5382,49.239,0.2721,"C0034","FI"
"T0000333",2026-03-02,"SP500","SELL",787.2912,21.3122,0.1269,"C0004","FI"
"T0000334",2026-01-20,"META","BUY",869.7167,12.8654,0.227,"C0005","EQ"
"T0000335",2026-06-19,"NVDA","BUY",782.1532,297.749,0.1847,"C0028","WEALTH"
"T0000336",2026-04-08,"MSFT","BUY",506.4259,18.9248,0.0885,"C0013","FX"
"T0000337",2026-01-17,"NVDA","SELL",787.4299,68.0347,0.0896,"C0074","EQ"
"T0000338",2026-03-23,"GOOG","BUY",16.5013,22.4864,0.0404,"C0079","EQ"
"T0000339",2026-06-23,"LETRA","BUY",520.0413,182.3982,0.351,"C0032","FI"
"T0000340",2026-01-17,"NVDA","BUY",811.2962,13.2787,0.2959,"C0039","FX"
"T0000341",2026-04-04,"LETRA","BUY",777.3757,26.8194,0.2913,"C0038","FX"
"T0000342",2026-03-15,"BONO2027","BUY",970.748,20.589,0.1346,"C0074","EQ"
"T0000343",2026-06-14,"GOOG","SELL",612.9457,56.8391,0.0959,"C0036","FI"
"T0000344",2026-06-22,"META","SELL",307.7483,36.8682,0.0504,"C0035","EQ"
"T0000345",2026-06-27,"TSLA","SELL",264.1638,367.9871,0.0963,"C0006","DERIV"
"T0000346",2026-06-28,"SP500","SELL",643.3874,54.4068,0.0788,"C0075","EQ"
"T0000347",2026-03-15,"EURO","BUY",964.4501,158.4362,0.0599,"C0019","EQ"
"T0000348",2026-02-17,"MSFT","SELL",401.3285,105.2825,0.1635,"C0043","WEALTH"
"T0000349",2026-06-11,"MSFT","BUY",32.1991,94.4947,0.1024,"C0023","EQ"
"T0000350",2026-03-09,"AMZN","BUY",127.1074,82.4923,0.1776,"C0053","WEALTH"
"T0000351",2026-03-31,"MSFT","BUY",801.291,67.9683,0.0854,"C0004","EQ"
"T0000352",2026-03-02,"NVDA","SELL",309.6395,30.856,0.468,"C0061","WEALTH"
"T0000353",2026-06-10,"MSFT","BUY",634.0658,41.4947,0.6412,"C0028","EQ"
"T0000354",2026-04-20,"AAPL","SELL",438.9085,79.4544,0.3343,"C0057","FI"
"T0000355",2026-04-26,"BONO2027","BUY",509.5771,7.5333,0.128,"C0051","EQ"
"T0000356",2026-04-18,"AAPL","SELL",349.4351,12.3746,0.2004,"C0076","WEALTH"
"T0000357",2026-05-27,"AAPL","SELL",271.1969,39.0012,0.0585,"C0038","DERIV"
"T0000358",2026-03-11,"TSLA","BUY",617.5735,12.2702,0.061,"C0064","DERIV"
"T0000359",2026-03-30,"BONO2027","BUY",397.8315,59.7879,0.104,"C0053","FI"
"T0000360",2026-01-30,"META","BUY",85.7423,79.5205,0.3748,"C0002","WEALTH"
"T0000361",2026-04-16,"AAPL","SELL",964.5506,110.7943,0.1189,"C0011","EQ"
"T0000362",2026-04-13,"META","SELL",840.7338,133.0717,0.2365,"C0053","DERIV"
"T0000363",2026-03-30,"AMZN","BUY",461.9021,85.9255,0.1319,"C0037","DERIV"
"T0000364",2026-01-02,"MSFT","BUY",179.3805,84.5056,0.1104,"C0046","FX"
"T0000365",2026-06-15,"NVDA","SELL",350.9586,66.1466,0.1532,"C0060","EQ"
"T0000366",2026-05-17,"META","BUY",422.6882,56.1097,0.1255,"C0013","WEALTH"
"T0000367",2026-03-16,"MSFT","BUY",190.6837,28.6034,0.3252,"C0029","EQ"
"T0000368",2026-05-14,"DOLAR","SELL",679.6654,324.4417,0.0615,"C0070","WEALTH"
"T0000369",2026-01-31,"BONO2030","BUY",310.7858,28.9619,0.1451,"C0012","FI"
"T0000370",2026-05-22,"DOLAR","BUY",791.9348,212.2627,0.1339,"C0021","FX"
"T0000371",2026-02-16,"AAPL","SELL",466.9456,115.7161,0.1253,"C0029","FI"
"T0000372",2026-06-18,"TSLA","BUY",62.4086,278.171,0.0925,"C0022","FI"
"T0000373",2026-05-18,"BONO2030","SELL",88.1887,98.0327,0.209,"C0033","FX"
"T0000374",2026-02-18,"NVDA","BUY",178.1492,39.0219,0.056,"C0054","DERIV"
"T0000375",2026-01-22,"EURO","BUY",873.5445,42.615,0.2137,"C0036","FI"
"T0000376",2026-01-01,"TSLA","BUY",415.5487,18.3836,0.0365,"C0004","DERIV"
"T0000377",2026-05-01,"SP500","SELL",539.4262,125.2324,0.3451,"C0005","EQ"
"T0000378",2026-05-12,"META","SELL",94.3413,56.6547,0.2071,"C0022","FI"
"T0000379",2026-03-08,"META","BUY",928.6139,52.1321,0.1402,"C0037","EQ"
"T0000380",2026-02-22,"LETRA","SELL",582.2529,58.055,0.0317,"C0039","EQ"
"T0000381",2026-06-15,"MSFT","BUY",839.1804,32.8873,0.1291,"C0027","FI"
"T0000382",2026-05-05,"AMZN","BUY",409.2072,38.9107,0.0873,"C0056","WEALTH"
"T0000383",2026-02-28,"META","BUY",921.4544,101.6314,0.2739,"C0013","EQ"
"T0000384",2026-03-10,"NVDA","BUY",979.3015,155.8238,0.051,"C0073","EQ"
"T0000385",2026-06-19,"EURO","BUY",91.7006,57.205,0.0516,"C0024","WEALTH"
"T0000386",2026-05-28,"AMZN","BUY",60.5426,66.4413,0.1188,"C0001","FI"
"T0000387",2026-06-11,"TSLA","SELL",719.1834,65.75,0.1315,"C0024","FI"
"T0000388",2026-03-28,"META","BUY",396.9369,63.4988,0.0933,"C0077","EQ"
"T0000389",2026-02-26,"MSFT","BUY",359.3841,44.9948,0.1217,"C0038","FX"
"T0000390",2026-05-28,"MSFT","SELL",103.8781,86.2896,0.1161,"C0063","DERIV"
"T0000391",2026-05-17,"MSFT","BUY",481.8341,96.0274,0.0992,"C0033","FI"
"T0000392",2026-01-27,"MSFT","BUY",193.3252,64.3232,0.0906,"C0047","EQ"
"T0000393",2026-06-23,"MSFT","SELL",275.1528,84.9177,0.1237,"C0023","EQ"
"T0000394",2026-06-23,"TSLA","SELL",931.9126,34.6363,0.2431,"C0043","FX"
"T0000395",2026-01-03,"TSLA","BUY",585.5719,63.6993,0.4157,"C0023","EQ"
"T0000396",2026-04-05,"BONO2030","SELL",75.6294,89.7545,0.2505,"C0065","DERIV"
"T0000397",2026-05-26,"MSFT","BUY",537.7618,50.1103,0.1397,"C0066","FI"
"T0000398",2026-05-18,"SP500","SELL",903.3792,49.439,0.0661,"C0061","DERIV"
"T0000399",2026-06-17,"MSFT","BUY",17.993,37.6368,0.2345,"C0073","WEALTH"
"T0000400",2026-03-25,"META","BUY",351.5206,86.3774,0.3268,"C0049","FI"
"T0000401",2026-02-22,"BONO2030","SELL",803.2129,66.9502,0.1217,"C0068","FX"
"T0000402",2026-04-11,"TSLA","SELL",746.5766,462.9946,0.1213,"C0072","EQ"
"T0000403",2026-06-06,"AMZN","BUY",561.7815,49.0286,0.2866,"C0049","WEALTH"
"T0000404",2026-05-17,"TSLA","BUY",134.4971,59.6957,0.1519,"C0031","WEALTH"
"T0000405",2026-06-17,"SP500","BUY",166.3941,24.337,0.5309,"C0021","WEALTH"
"T0000406",2026-03-28,"SP500","BUY",813.4136,111.0859,0.1318,"C0001","EQ"
"T0000407",2026-03-17,"NVDA","SELL",136.2199,42.7012,0.0516,"C0068","EQ"
"T0000408",2026-04-20,"ORO","BUY",864.4093,60.7357,0.2564,"C0025","FI"
"T0000409",2026-04-29,"AAPL","BUY",245.7751,116.3102,0.1689,"C0001","FI"
"T0000410",2026-04-17,"GOOG","BUY",76.4809,185.0358,0.1159,"C0054","EQ"
"T0000411",2026-02-23,"MSFT","SELL",57.5818,44.7924,0.064,"C0057","EQ"
"T0000412",2026-02-26,"AMZN","SELL",845.4638,41.047,0.23,"C0009","FI"
"T0000413",2026-01-27,"MSFT","SELL",555.2326,64.4813,0.194,"C0069","EQ"
"T0000414",2026-03-21,"AMZN","SELL",400.3357,143.6533,0.16,"C0048","WEALTH"
"T0000415",2026-04-20,"GOOG","SELL",933.5623,59.9342,0.3452,"C0047","DERIV"
"T0000416",2026-06-05,"BONO2027","BUY",923.5194,63.6661,0.0718,"C0045","DERIV"
"T0000417",2026-01-15,"BONO2027","SELL",576.8977,102.4416,0.1539,"C0060","DERIV"
"T0000418",2026-04-12,"AMZN","BUY",289.9194,98.679,0.1171,"C0079","WEALTH"
"T0000419",2026-01-23,"GOOG","BUY",701.256,130.2367,0.1852,"C0053","EQ"
"T0000420",2026-03-02,"LETRA","SELL",591.2851,11.4473,0.1773,"C0002","FI"
"T0000421",2026-03-24,"TSLA","BUY",69.9408,21.2012,0.1267,"C0054","EQ"
"T0000422",2026-01-10,"MSFT","SELL",253.3896,21.2309,0.0553,"C0034","FX"
"T0000423",2026-05-21,"AMZN","BUY",62.8158,73.8167,0.1398,"C0011","EQ"
"T0000424",2026-03-03,"ORO","BUY",671.5552,18.4408,0.3304,"C0008","WEALTH"
"T0000425",2026-04-12,"DOLAR","BUY",185.8258,45.4728,0.0418,"C0019","FX"
"T0000426",2026-01-01,"SP500","SELL",865.6319,76.6006,0.0984,"C0032","EQ"
"T0000427",2026-01-11,"SP500","BUY",764.8022,257.9399,0.1838,"C0079","EQ"
"T0000428",2026-04-19,"AAPL","SELL",763.7711,45.0235,0.0705,"C0004","FI"
"T0000429",2026-01-26,"NVDA","BUY",189.0244,53.6898,0.0734,"C0068","EQ"
"T0000430",2026-03-15,"EURO","SELL",145.5371,65.925,0.0741,"C0004","EQ"
"T0000431",2026-05-03,"META","BUY",712.0703,33.9105,0.085,"C0057","DERIV"
"T0000432",2026-03-20,"DOLAR","BUY",889.2952,4.2222,0.1686,"C0018","EQ"
"T0000433",2026-03-22,"TSLA","BUY",414.0138,182.9152,0.4509,"C0011","EQ"
"T0000434",2026-04-21,"BONO2030","SELL",317.5785,41.4766,0.1895,"C0071","DERIV"
"T0000435",2026-05-16,"ORO","BUY",649.7219,30.7674,0.0837,"C0026","EQ"
"T0000436",2026-04-10,"AMZN","SELL",597.7251,68.7397,0.0973,"C0051","EQ"
"T0000437",2026-04-01,"AMZN","BUY",150.2251,33.3155,0.0709,"C0063","WEALTH"
"T0000438",2026-01-25,"BONO2030","BUY",905.4281,113.9926,0.0882,"C0056","FI"
"T0000439",2026-01-24,"ORO","BUY",172.141,37.9671,0.0897,"C0068","DERIV"
"T0000440",2026-03-21,"AAPL","SELL",629.7133,108.2679,0.3174,"C0032","WEALTH"
"T0000441",2026-04-18,"DOLAR","SELL",459.0623,45.2936,0.1997,"C0057","EQ"
"T0000442",2026-01-16,"ORO","SELL",331.2602,24.9607,0.0485,"C0061","EQ"
"T0000443",2026-01-03,"GOOG","SELL",417.9196,98.4721,0.2231,"C0066","EQ"
"T0000444",2026-02-25,"DOLAR","BUY",669.7175,385.0152,0.2931,"C0011","EQ"
"T0000445",2026-05-29,"MSFT","SELL",37.7923,24.6803,0.1183,"C0020","WEALTH"
"T0000446",2026-01-10,"BONO2030","SELL",334.594,38.3752,0.3071,"C0041","EQ"
"T0000447",2026-03-26,"TSLA","SELL",704.691,21.4235,0.1668,"C0015","EQ"
"T0000448",2026-05-15,"AMZN","SELL",395.7555,195.1152,0.1998,"C0062","EQ"
"T0000449",2026-05-27,"AMZN","BUY",26.5806,60.4502,0.1121,"C0058","FI"
"T0000450",2026-06-06,"MSFT","BUY",967.2828,8.4852,0.3225,"C0008","WEALTH"
"T0000451",2026-02-14,"SP500","SELL",339.6461,9.4176,0.1404,"C0069","EQ"
"T0000452",2026-06-19,"GOOG","BUY",876.9545,115.7384,0.1156,"C0076","WEALTH"
"T0000453",2026-04-29,"NVDA","SELL",522.4604,69.3613,0.1798,"C0052","EQ"
"T0000454",2026-06-23,"NVDA","SELL",578.3456,11.1124,0.1272,"C0059","WEALTH"
"T0000455",2026-06-01,"TSLA","BUY",242.0983,20.8362,0.1166,"C0003","EQ"
"T0000456",2026-04-03,"NVDA","BUY",92.8489,75.0892,0.2101,"C0031","EQ"
"T0000457",2026-06-07,"TSLA","SELL",81.1032,56.5885,0.1205,"C0055","FX"
"T0000458",2026-04-17,"ORO","BUY",959.9894,12.2689,0.1055,"C0064","FI"
"T0000459",2026-06-22,"NVDA","SELL",345.6665,99.6853,0.0982,"C0046","DERIV"
"T0000460",2026-02-11,"TSLA","BUY",813.9849,38.8401,0.059,"C0025","FI"
"T0000461",2026-04-08,"BONO2030","SELL",456.5814,147.7226,0.3565,"C0062","WEALTH"
"T0000462",2026-06-16,"DOLAR","BUY",93.4597,78.279,0.0919,"C0058","EQ"
"T0000463",2026-02-21,"AAPL","BUY",178.545,140.646,0.1082,"C0025","EQ"
"T0000464",2026-02-22,"GOOG","BUY",820.5248,11.3455,0.1432,"C0020","FI"
"T0000465",2026-06-20,"NVDA","SELL",88.2647,99.2151,0.0921,"C0008","EQ"
"T0000466",2026-06-20,"SP500","BUY",770.4648,126.6034,0.0405,"C0045","EQ"
"T0000467",2026-01-26,"DOLAR","BUY",117.0047,83.0412,0.1779,"C0055","EQ"
"T0000468",2026-04-07,"ORO","BUY",747.8672,22.3658,0.1861,"C0078","EQ"
"T0000469",2026-04-27,"TSLA","BUY",299.2818,52.5512,0.1173,"C0025","DERIV"
"T0000470",2026-05-14,"GOOG","BUY",717.7596,11.7797,0.098,"C0030","FI"
"T0000471",2026-02-27,"META","BUY",326.0833,34.5572,0.0839,"C0051","EQ"
"T0000472",2026-01-23,"META","SELL",724.7002,30.0074,0.4391,"C0005","WEALTH"
"T0000473",2026-06-19,"SP500","BUY",922.1991,71.9624,0.1137,"C0020","EQ"
"T0000474",2026-06-18,"NVDA","BUY",689.55,308.327,0.1331,"C0043","FI"
"T0000475",2026-06-22,"META","SELL",100.1779,71.4728,0.1449,"C0024","DERIV"
"T0000476",2026-03-26,"TSLA","SELL",836.7652,39.0838,0.1184,"C0036","FI"
"T0000477",2026-02-02,"BONO2030","BUY",648.8052,114.3144,0.5702,"C0042","EQ"
"T0000478",2026-05-19,"SP500","BUY",275.6746,100.8277,0.135,"C0025","WEALTH"
"T0000479",2026-04-14,"LETRA","BUY",338.8297,66.6196,0.0707,"C0071","FX"
"T0000480",2026-06-22,"AMZN","SELL",582.3333,32.2728,0.1641,"C0017","EQ"
"T0000481",2026-05-22,"NVDA","SELL",537.4562,87.0515,0.2623,"C0051","FI"
"T0000482",2026-05-10,"BONO2027","SELL",563.6812,94.8737,0.0738,"C0050","WEALTH"
"T0000483",2026-02-14,"NVDA","BUY",254.2247,68.9576,0.3704,"C0025","EQ"
"T0000484",2026-05-06,"MSFT","BUY",542.9947,254.2859,0.1603,"C0035","FI"
"T0000485",2026-02-04,"NVDA","SELL",789.1738,345.4693,0.1219,"C0075","EQ"
"T0000486",2026-06-05,"EURO","BUY",185.0394,24.7455,0.2287,"C0036","DERIV"
"T0000487",2026-02-14,"AMZN","BUY",45.232,75.2745,0.0586,"C0003","EQ"
"T0000488",2026-05-24,"GOOG","SELL",605.0895,20.3705,0.3308,"C0018","EQ"
"T0000489",2026-06-22,"ORO","BUY",561.5973,35.3129,0.0953,"C0048","FX"
"T0000490",2026-05-16,"META","SELL",418.4,38.5661,0.0799,"C0053","EQ"
"T0000491",2026-04-12,"BONO2030","BUY",510.891,48.7802,0.099,"C0004","DERIV"
"T0000492",2026-04-12,"NVDA","SELL",735.7706,222.8531,0.1385,"C0040","EQ"
"T0000493",2026-05-02,"BONO2030","BUY",854.6302,28.1033,0.077,"C0021","WEALTH"
"T0000494",2026-04-05,"BONO2030","SELL",550.2534,82.3964,0.0303,"C0032","WEALTH"
"T0000495",2026-06-14,"SP500","SELL",411.7857,102.4838,0.1483,"C0041","WEALTH"
"T0000496",2026-01-10,"MSFT","BUY",236.0638,66.2617,0.2275,"C0044","EQ"
"T0000497",2026-05-03,"SP500","BUY",690.5729,85.4502,0.1198,"C0017","FI"
"T0000498",2026-03-16,"BONO2027","SELL",727.9354,32.4489,0.1727,"C0030","EQ"
"T0000499",2026-05-31,"MSFT","BUY",655.6316,37.8369,0.2146,"C0072","EQ"
"T0000500",2026-06-10,"META","BUY",686.9548,31.6776,0.0762,"C0062","EQ"
"T0000501",2026-01-15,"NVDA","BUY",259.5854,9.4503,0.3779,"C0043","EQ"
"T0000502",2026-03-09,"BONO2030","BUY",306.7886,90.0882,0.0833,"C0055","EQ"
"T0000503",2026-03-01,"GOOG","BUY",467.1559,39.159,0.1401,"C0034","DERIV"
"T0000504",2026-04-13,"BONO2027","SELL",363.586,47.4159,0.4046,"C0024","EQ"
"T0000505",2026-05-18,"AMZN","BUY",447.4042,92.9635,0.1564,"C0044","FI"
"T0000506",2026-04-09,"NVDA","BUY",983.3186,56.821,0.1336,"C0036","EQ"
"T0000507",2026-06-22,"BONO2027","BUY",868.6901,49.9409,0.0688,"C0064","DERIV"
"T0000508",2026-03-25,"NVDA","SELL",551.2723,35.7546,0.0679,"C0024","EQ"
"T0000509",2026-04-30,"LETRA","SELL",594.9383,198.8776,0.0979,"C0004","FX"
"T0000510",2026-06-25,"AMZN","SELL",312.1509,61.0448,0.1048,"C0055","DERIV"
"T0000511",2026-01-08,"TSLA","BUY",614.7079,60.0794,0.3685,"C0002","WEALTH"
"T0000512",2026-04-06,"AAPL","BUY",281.6027,119.5689,0.0969,"C0068","FI"
"T0000513",2026-05-11,"NVDA","BUY",990.4603,73.9587,0.0684,"C0025","EQ"
"T0000514",2026-04-15,"AMZN","BUY",727.0481,26.9998,0.208,"C0056","WEALTH"
"T0000515",2026-06-25,"BONO2027","BUY",661.7427,39.4423,0.1496,"C0021","DERIV"
"T0000516",2026-03-16,"MSFT","SELL",648.973,29.3209,0.1455,"C0008","EQ"
"T0000517",2026-05-21,"NVDA","SELL",641.8622,14.1994,0.3333,"C0013","EQ"
"T0000518",2026-04-13,"META","BUY",723.3573,47.7708,0.2511,"C0021","EQ"
"T0000519",2026-01-18,"TSLA","BUY",702.8246,87.8085,0.275,"C0035","WEALTH"
"T0000520",2026-04-13,"NVDA","BUY",375.6556,36.0704,0.1174,"C0032","EQ"
"T0000521",2026-03-26,"DOLAR","BUY",939.2547,77.708,0.123,"C0034","FX"
"T0000522",2026-05-13,"NVDA","BUY",280.5485,99.9311,0.1292,"C0079","EQ"
"T0000523",2026-01-31,"LETRA","BUY",832.0148,49.8806,0.0828,"C0012","EQ"
"T0000524",2026-02-25,"TSLA","BUY",58.6871,37.3488,0.0666,"C0039","WEALTH"
"T0000525",2026-01-20,"LETRA","SELL",632.8503,31.1341,0.1721,"C0032","EQ"
"T0000526",2026-04-13,"AAPL","BUY",743.0711,43.6631,0.1219,"C0018","DERIV"
"T0000527",2026-01-08,"AMZN","SELL",271.3447,190.8271,0.1361,"C0008","EQ"
"T0000528",2026-01-19,"DOLAR","SELL",976.8769,58.7255,0.2764,"C0015","DERIV"
"T0000529",2026-04-24,"DOLAR","BUY",639.8341,37.7222,0.0899,"C0056","DERIV"
"T0000530",2026-01-10,"BONO2030","BUY",37.3063,38.0785,0.4415,"C0027","EQ"
"T0000531",2026-03-02,"DOLAR","BUY",556.7097,57.8861,0.1043,"C0055","WEALTH"
"T0000532",2026-01-12,"GOOG","BUY",738.5851,60.6477,0.2172,"C0033","EQ"
"T0000533",2026-06-12,"AAPL","BUY",34.1241,160.2138,0.0688,"C0076","DERIV"
"T0000534",2026-06-29,"DOLAR","SELL",85.1404,38.9123,0.1601,"C0074","DERIV"
"T0000535",2026-04-22,"TSLA","SELL",62.593,119.2896,0.086,"C0072","WEALTH"
"T0000536",2026-02-01,"TSLA","BUY",353.3088,32.9574,0.0873,"C0059","FI"
"T0000537",2026-02-23,"ORO","SELL",37.3397,65.092,0.0639,"C0008","FI"
"T0000538",2026-06-11,"GOOG","SELL",446.8229,41.4075,0.1345,"C0059","EQ"
"T0000539",2026-05-09,"META","BUY",921.4732,122.0858,0.2145,"C0064","FI"
"T0000540",2026-01-07,"AMZN","BUY",603.1447,166.9764,0.1226,"C0071","WEALTH"
"T0000541",2026-01-11,"SP500","BUY",732.0919,186.4734,0.1159,"C0015","FI"
"T0000542",2026-03-18,"TSLA","SELL",351.2767,94.4077,0.1054,"C0076","FX"
"T0000543",2026-04-11,"GOOG","BUY",10.3659,36.4419,0.2055,"C0036","EQ"
"T0000544",2026-05-23,"AMZN","BUY",751.3436,49.4328,0.2553,"C0018","DERIV"
"T0000545",2026-02-06,"TSLA","BUY",680.0816,69.482,0.0364,"C0046","FI"
"T0000546",2026-05-22,"META","BUY",335.9463,10.279,0.1005,"C0053","WEALTH"
"T0000547",2026-03-31,"BONO2030","SELL",525.9225,170.0883,0.2305,"C0008","EQ"
"T0000548",2026-06-26,"GOOG","SELL",578.679,23.2154,0.3441,"C0053","FI"
"T0000549",2026-06-05,"MSFT","BUY",399.476,37.8079,0.1923,"C0015","WEALTH"
"T0000550",2026-02-28,"NVDA","SELL",836.8362,158.4332,0.1257,"C0013","EQ"
"T0000551",2026-04-28,"EURO","BUY",229.0521,75.779,0.1957,"C0022","EQ"
"T0000552",2026-01-17,"AAPL","BUY",835.1958,79.6681,0.1549,"C0075","DERIV"
"T0000553",2026-06-27,"ORO","SELL",103.1138,29.9713,0.1864,"C0007","EQ"
"T0000554",2026-02-08,"AMZN","SELL",578.3007,15.1598,0.1793,"C0070","EQ"
"T0000555",2026-06-11,"SP500","BUY",806.0232,28.9868,0.3351,"C0003","FX"
"T0000556",2026-06-12,"AMZN","SELL",785.2732,81.582,0.168,"C0059","EQ"
"T0000557",2026-05-28,"ORO","SELL",282.7098,96.9074,0.107,"C0033","EQ"
"T0000558",2026-01-08,"NVDA","BUY",873.8574,56.5251,0.2512,"C0031","EQ"
"T0000559",2026-01-20,"GOOG","SELL",447.939,39.8326,0.0841,"C0051","FX"
"T0000560",2026-06-05,"GOOG","SELL",342.6531,73.9955,0.1137,"C0051","FI"
"T0000561",2026-04-20,"META","SELL",721.6191,33.1837,0.0322,"C0012","DERIV"
"T0000562",2026-04-07,"GOOG","SELL",147.5513,82.1963,0.1527,"C0073","DERIV"
"T0000563",2026-02-15,"SP500","SELL",703.9715,22.6215,0.1984,"C0032","EQ"
"T0000564",2026-03-26,"DOLAR","BUY",182.8184,242.0471,0.0484,"C0078","FI"
"T0000565",2026-04-08,"SP500","SELL",347.6614,6.2715,0.6236,"C0078","EQ"
"T0000566",2026-03-03,"DOLAR","SELL",449.1033,169.754,0.0777,"C0069","EQ"
"T0000567",2026-03-10,"DOLAR","SELL",295.094,32.3221,0.0626,"C0019","EQ"
"T0000568",2026-06-19,"EURO","BUY",912.5965,148.6845,0.1116,"C0074","EQ"
"T0000569",2026-01-12,"NVDA","SELL",602.754,16.9755,0.1627,"C0042","EQ"
"T0000570",2026-01-03,"DOLAR","BUY",419.7593,41.9053,0.1044,"C0014","FI"
"T0000571",2026-05-02,"BONO2027","SELL",120.2234,64.6284,0.1831,"C0032","FI"
"T0000572",2026-01-18,"GOOG","SELL",233.3691,24.3468,0.0797,"C0072","WEALTH"
"T0000573",2026-06-27,"TSLA","BUY",620.6301,35.5941,0.2108,"C0004","EQ"
"T0000574",2026-06-24,"GOOG","SELL",687.0726,81.1295,0.1467,"C0068","FI"
"T0000575",2026-05-16,"META","BUY",569.2945,84.6729,0.4222,"C0036","EQ"
"T0000576",2026-04-25,"BONO2027","SELL",354.8383,20.4464,0.1707,"C0063","DERIV"
"T0000577",2026-01-30,"EURO","BUY",599.3309,24.4031,0.1323,"C0003","EQ"
"T0000578",2026-05-28,"AAPL","SELL",968.9787,64.4399,0.1475,"C0056","EQ"
"T0000579",2026-02-20,"AMZN","BUY",391.1448,169.6811,0.1891,"C0065","DERIV"
"T0000580",2026-06-11,"BONO2030","BUY",852.9617,99.2529,0.0837,"C0049","EQ"
"T0000581",2026-01-21,"SP500","BUY",43.2453,16.191,0.0743,"C0032","DERIV"
"T0000582",2026-06-29,"DOLAR","SELL",425.2976,30.6902,0.2275,"C0044","FI"
"T0000583",2026-03-24,"AMZN","SELL",23.3682,12.5464,0.143,"C0037","DERIV"
"T0000584",2026-05-05,"SP500","SELL",33.0393,102.2598,0.0559,"C0044","EQ"
"T0000585",2026-03-23,"NVDA","BUY",99.1135,27.1984,0.0762,"C0036","EQ"
"T0000586",2026-02-09,"META","BUY",942.8548,54.1256,0.1446,"C0016","FX"
"T0000587",2026-01-24,"GOOG","SELL",643.1143,88.8823,0.2755,"C0064","FX"
"T0000588",2026-06-19,"NVDA","SELL",147.7449,49.0853,0.1526,"C0036","EQ"
"T0000589",2026-06-06,"MSFT","SELL",440.0738,27.6707,0.1353,"C0038","EQ"
"T0000590",2026-06-11,"AMZN","SELL",405.8197,59.8661,0.103,"C0031","WEALTH"
"T0000591",2026-01-22,"TSLA","BUY",232.2142,18.8202,0.088,"C0050","WEALTH"
"T0000592",2026-05-12,"ORO","BUY",687.754,364.8793,0.0926,"C0043","WEALTH"
"T0000593",2026-05-25,"NVDA","SELL",217.8984,7.4137,0.1774,"C0021","EQ"
"T0000594",2026-04-29,"AMZN","BUY",831.2087,318.283,0.0957,"C0005","EQ"
"T0000595",2026-05-28,"ORO","BUY",709.6681,86.2386,0.152,"C0007","FX"
"T0000596",2026-06-28,"BONO2027","BUY",523.679,34.2266,0.1135,"C0034","FI"
"T0000597",2026-02-08,"META","SELL",54.5536,68.0259,0.1496,"C0013","WEALTH"
"T0000598",2026-01-09,"MSFT","BUY",624.9313,52.5292,0.2506,"C0047","FX"
"T0000599",2026-03-04,"META","SELL",773.0503,330.9525,0.2194,"C0002","EQ"
"T0000600",2026-01-19,"NVDA","BUY",383.2145,319.3813,0.1324,"C0080","EQ"
"T0000601",2026-01-21,"ORO","SELL",673.7175,100.834,0.0749,"C0057","FX"
"T0000602",2026-04-17,"AMZN","BUY",29.8488,43.495,0.192,"C0052","EQ"
"T0000603",2026-04-08,"GOOG","SELL",192.941,61.6403,0.1474,"C0043","EQ"
"T0000604",2026-04-26,"AAPL","SELL",733.5499,29.2276,0.0741,"C0052","FX"
"T0000605",2026-05-15,"DOLAR","BUY",461.6052,25.383,0.2482,"C0024","EQ"
"T0000606",2026-06-26,"SP500","BUY",449.0769,42.7995,0.2299,"C0032","EQ"
"T0000607",2026-03-09,"TSLA","SELL",814.2841,185.806,0.0897,"C0017","EQ"
"T0000608",2026-06-22,"GOOG","SELL",909.7801,37.2389,0.6793,"C0072","EQ"
"T0000609",2026-04-25,"NVDA","SELL",911.727,68.086,0.0207,"C0021","EQ"
"T0000610",2026-03-06,"GOOG","SELL",916.3986,153.5804,0.2003,"C0060","DERIV"
"T0000611",2026-04-02,"TSLA","BUY",931.8207,76.6469,0.1019,"C0057","EQ"
"T0000612",2026-03-22,"TSLA","SELL",540.0091,83.2803,0.1526,"C0060","WEALTH"
"T0000613",2026-06-13,"MSFT","SELL",645.0616,32.3604,0.0724,"C0042","EQ"
"T0000614",2026-06-11,"TSLA","BUY",61.6372,60.18,0.1173,"C0025","FI"
"T0000615",2026-06-04,"AAPL","BUY",415.6739,24.7917,0.094,"C0074","FX"
"T0000616",2026-06-03,"NVDA","BUY",517.6079,29.8303,0.1832,"C0022","FI"
"T0000617",2026-02-26,"BONO2027","BUY",675.9476,21.5679,0.1788,"C0080","FI"
"T0000618",2026-02-04,"TSLA","SELL",363.0614,38.3118,0.2107,"C0047","DERIV"
"T0000619",2026-01-13,"AAPL","SELL",398.7624,71.3758,0.1727,"C0071","EQ"
"T0000620",2026-04-08,"DOLAR","BUY",245.6809,50.3739,0.1291,"C0058","EQ"
"T0000621",2026-02-10,"BONO2030","SELL",158.7909,25.0174,0.1283,"C0073","EQ"
"T0000622",2026-06-20,"ORO","SELL",531.2109,25.0639,0.4158,"C0060","FI"
"T0000623",2026-04-02,"LETRA","BUY",800.9047,18.6785,0.2265,"C0048","EQ"
"T0000624",2026-05-18,"NVDA","SELL",443.3117,76.0417,0.1312,"C0013","FI"
"T0000625",2026-04-06,"META","SELL",756.6091,67.9879,0.3344,"C0054","EQ"
"T0000626",2026-04-20,"AAPL","BUY",638.462,17.6164,0.1782,"C0038","EQ"
"T0000627",2026-01-27,"AMZN","BUY",896.4499,14.2172,0.128,"C0003","EQ"
"T0000628",2026-04-07,"AMZN","BUY",383.6537,51.6211,0.0737,"C0080","EQ"
"T0000629",2026-03-06,"NVDA","SELL",952.2468,37.779,0.1673,"C0043","EQ"
"T0000630",2026-03-19,"ORO","BUY",710.9535,20.7861,0.1854,"C0034","EQ"
"T0000631",2026-05-07,"DOLAR","BUY",929.5409,125.5059,0.0926,"C0016","DERIV"
"T0000632",2026-02-27,"AMZN","BUY",375.3528,51.7817,0.0747,"C0039","EQ"
"T0000633",2026-01-28,"NVDA","BUY",785.2512,53.7376,0.0612,"C0021","FI"
"T0000634",2026-02-01,"AMZN","SELL",219.8903,89.3396,0.0805,"C0074","EQ"
"T0000635",2026-04-15,"NVDA","SELL",485.9746,76.4247,0.2584,"C0006","EQ"
"T0000636",2026-06-07,"MSFT","BUY",681.5471,41.9986,0.18,"C0045","DERIV"
"T0000637",2026-04-25,"AMZN","BUY",464.1701,22.0307,0.0779,"C0072","EQ"
"T0000638",2026-06-14,"NVDA","SELL",939.2041,140.5853,0.0526,"C0048","WEALTH"
"T0000639",2026-04-08,"MSFT","BUY",340.5137,13.8928,0.0256,"C0022","EQ"
"T0000640",2026-06-01,"MSFT","BUY",1.3822,164.6067,0.0775,"C0004","FI"
"T0000641",2026-06-21,"MSFT","BUY",218.1659,35.4171,0.181,"C0002","EQ"
"T0000642",2026-02-03,"SP500","BUY",37.0299,287.2559,0.0663,"C0013","WEALTH"
"T0000643",2026-05-05,"MSFT","SELL",348.8857,46.3486,0.1632,"C0002","FI"
"T0000644",2026-01-28,"GOOG","BUY",98.8557,35.1234,0.3844,"C0045","WEALTH"
"T0000645",2026-02-17,"GOOG","SELL",730.6083,56.4275,0.0371,"C0077","WEALTH"
"T0000646",2026-01-18,"SP500","BUY",736.0662,156.5911,0.1265,"C0009","FI"
"T0000647",2026-06-07,"AAPL","SELL",650.1119,12.8363,0.0757,"C0079","EQ"
"T0000648",2026-05-30,"AMZN","SELL",885.7762,42.6748,0.2415,"C0037","DERIV"
"T0000649",2026-06-03,"BONO2027","SELL",114.861,69.1065,0.1363,"C0040","FI"
"T0000650",2026-02-18,"MSFT","BUY",270.6736,61.4496,0.1681,"C0049","EQ"
"T0000651",2026-04-05,"AAPL","BUY",884.628,59.9051,0.1511,"C0039","DERIV"
"T0000652",2026-04-14,"AAPL","SELL",971.539,42.1542,0.1561,"C0076","DERIV"
"T0000653",2026-01-30,"TSLA","SELL",901.771,21.9267,0.1656,"C0015","FI"
"T0000654",2026-03-13,"LETRA","BUY",696.5374,538.6444,0.0758,"C0066","WEALTH"
"T0000655",2026-06-28,"NVDA","BUY",931.0413,17.0968,0.2933,"C0048","EQ"
"T0000656",2026-06-24,"MSFT","SELL",748.3879,119.9404,0.3402,"C0076","EQ"
"T0000657",2026-02-27,"NVDA","BUY",111.4419,22.5048,0.1242,"C0043","FX"
"T0000658",2026-06-15,"GOOG","SELL",538.8326,11.0329,0.1219,"C0053","EQ"
"T0000659",2026-04-09,"NVDA","SELL",340.3996,61.5948,0.045,"C0056","FI"
"T0000660",2026-03-06,"AMZN","SELL",725.3841,295.0587,0.1501,"C0024","EQ"
"T0000661",2026-06-07,"NVDA","BUY",341.7157,90.3194,0.0352,"C0003","EQ"
"T0000662",2026-06-24,"GOOG","BUY",750.9507,14.73,0.1203,"C0038","FX"
"T0000663",2026-01-04,"TSLA","BUY",326.6095,32.2404,0.0556,"C0055","EQ"
"T0000664",2026-06-05,"GOOG","BUY",288.7044,29.9567,0.0838,"C0042","DERIV"
"T0000665",2026-02-10,"DOLAR","BUY",286.8531,21.8433,0.1232,"C0074","FI"
"T0000666",2026-04-07,"TSLA","SELL",206.2716,124.2245,0.1863,"C0050","WEALTH"
"T0000667",2026-01-20,"DOLAR","BUY",288.4485,396.4034,0.3153,"C0024","EQ"
"T0000668",2026-05-22,"AMZN","SELL",266.087,17.0704,0.1052,"C0038","EQ"
"T0000669",2026-05-17,"META","BUY",166.7183,105.4052,0.1196,"C0046","EQ"
"T0000670",2026-04-02,"META","BUY",165.1957,23.2625,0.1183,"C0051","FI"
"T0000671",2026-06-08,"GOOG","SELL",287.4907,131.0325,0.1012,"C0010","WEALTH"
"T0000672",2026-06-01,"DOLAR","SELL",512.2671,65.136,0.113,"C0040","FI"
"T0000673",2026-05-30,"GOOG","BUY",370.5609,43.5282,0.2085,"C0061","FI"
"T0000674",2026-01-11,"GOOG","BUY",941.6031,96.3551,0.3899,"C0056","EQ"
"T0000675",2026-04-17,"AMZN","BUY",577.1983,320.0194,0.3484,"C0012","EQ"
"T0000676",2026-05-27,"AAPL","SELL",537.5937,168.9585,0.1269,"C0024","EQ"
"T0000677",2026-06-10,"MSFT","SELL",727.8964,46.6523,0.1931,"C0022","EQ"
"T0000678",2026-04-17,"AAPL","BUY",317.5797,99.9138,0.0957,"C0079","EQ"
"T0000679",2026-04-23,"AMZN","BUY",831.1058,22.7535,0.055,"C0027","EQ"
"T0000680",2026-02-09,"AMZN","BUY",661.5103,77.0261,0.1855,"C0060","EQ"
"T0000681",2026-02-24,"AAPL","BUY",212.4068,117.7354,0.1695,"C0070","FI"
"T0000682",2026-06-15,"GOOG","BUY",348.7221,78.8264,0.3544,"C0001","DERIV"
"T0000683",2026-02-03,"DOLAR","BUY",517.4524,33.8804,0.1225,"C0037","WEALTH"
"T0000684",2026-01-01,"SP500","SELL",906.1783,52.6639,0.0486,"C0044","EQ"
"T0000685",2026-04-04,"AMZN","BUY",990.2563,34.2876,0.1612,"C0005","EQ"
"T0000686",2026-02-26,"AAPL","BUY",292.9264,77.8116,0.0548,"C0068","FI"
"T0000687",2026-02-24,"DOLAR","BUY",322.7661,42.5983,0.0695,"C0005","FX"
"T0000688",2026-05-26,"LETRA","BUY",629.4741,45.6835,0.103,"C0053","DERIV"
"T0000689",2026-03-01,"AMZN","SELL",770.7099,32.9151,0.1037,"C0061","EQ"
"T0000690",2026-03-12,"EURO","SELL",229.9991,128.2206,0.0595,"C0058","WEALTH"
"T0000691",2026-05-22,"BONO2027","BUY",243.2384,71.5157,0.255,"C0040","EQ"
"T0000692",2026-01-10,"DOLAR","SELL",131.6743,25.4594,0.1633,"C0005","EQ"
"T0000693",2026-03-10,"NVDA","BUY",856.7888,66.749,0.0783,"C0015","FI"
"T0000694",2026-03-29,"NVDA","BUY",101.0246,35.2153,0.0819,"C0048","EQ"
"T0000695",2026-06-15,"BONO2027","SELL",707.5936,59.2988,0.0651,"C0069","WEALTH"
"T0000696",2026-05-13,"AAPL","BUY",544.879,242.9397,0.1678,"C0050","EQ"
"T0000697",2026-01-21,"META","SELL",180.0754,23.741,0.2306,"C0048","FI"
"T0000698",2026-03-04,"META","BUY",194.8612,65.1041,0.1035,"C0013","WEALTH"
"T0000699",2026-02-04,"AAPL","BUY",847.5162,17.4784,0.2504,"C0046","EQ"
"T0000700",2026-01-03,"BONO2027","SELL",673.8768,89.3726,0.1122,"C0051","EQ"
"T0000701",2026-02-14,"MSFT","BUY",869.992,17.2317,0.1587,"C0064","EQ"
"T0000702",2026-04-01,"BONO2027","BUY",626.1684,13.9934,0.2656,"C0003","FI"
"T0000703",2026-01-29,"META","SELL",811.5166,85.2655,0.0855,"C0047","EQ"
"T0000704",2026-02-11,"GOOG","BUY",934.2662,29.9519,0.1454,"C0057","FI"
"T0000705",2026-01-17,"TSLA","SELL",3.8166,11.2825,0.187,"C0011","FI"
"T0000706",2026-01-20,"AAPL","SELL",474.8329,18.924,0.1055,"C0077","EQ"
"T0000707",2026-06-26,"META","SELL",557.6241,129.0792,0.1486,"C0005","FI"
"T0000708",2026-03-17,"NVDA","SELL",218.6252,62.8448,0.1727,"C0077","EQ"
"T0000709",2026-03-29,"MSFT","BUY",935.7941,64.479,0.2768,"C0022","FI"
"T0000710",2026-06-07,"ORO","BUY",977.8146,111.56,0.2359,"C0016","EQ"
"T0000711",2026-06-28,"TSLA","SELL",432.5556,64.0003,0.1073,"C0007","FI"
"T0000712",2026-04-22,"DOLAR","BUY",808.1271,4.2844,0.1959,"C0032","FI"
"T0000713",2026-06-10,"AMZN","BUY",255.9673,55.4647,0.345,"C0072","FI"
"T0000714",2026-04-16,"BONO2030","SELL",589.3326,17.8975,0.0932,"C0054","DERIV"
"T0000715",2026-05-15,"GOOG","SELL",439.25,25.8785,0.3185,"C0048","FI"
"T0000716",2026-01-25,"NVDA","SELL",188.5461,14.8317,0.0597,"C0002","WEALTH"
"T0000717",2026-01-24,"BONO2027","BUY",9.5766,73.3526,0.0793,"C0039","FX"
"T0000718",2026-03-07,"AMZN","BUY",382.042,339.8571,0.1476,"C0041","EQ"
"T0000719",2026-02-05,"MSFT","BUY",128.3707,80.5788,0.0489,"C0074","FI"
"T0000720",2026-06-29,"GOOG","BUY",960.9615,256.1394,0.1647,"C0022","WEALTH"
"T0000721",2026-01-08,"GOOG","SELL",465.769,45.3449,0.0378,"C0031","EQ"
"T0000722",2026-05-25,"ORO","SELL",234.1319,35.5182,0.0871,"C0038","EQ"
"T0000723",2026-06-14,"MSFT","SELL",798.4349,102.3995,0.0768,"C0008","DERIV"
"T0000724",2026-05-25,"BONO2030","SELL",670.6914,20.0474,0.238,"C0045","FI"
"T0000725",2026-03-21,"MSFT","BUY",584.4057,18.9285,0.0703,"C0052","FX"
"T0000726",2026-04-06,"NVDA","BUY",667.482,5.0805,0.296,"C0063","EQ"
"T0000727",2026-06-29,"ORO","SELL",739.6118,9.202,0.0835,"C0012","WEALTH"
"T0000728",2026-01-25,"AMZN","SELL",671.4626,38.347,0.111,"C0071","EQ"
"T0000729",2026-05-22,"AAPL","BUY",151.8614,60.3231,0.0826,"C0020","FI"
"T0000730",2026-02-25,"NVDA","BUY",606.7208,41.2645,0.2593,"C0052","WEALTH"
"T0000731",2026-06-21,"TSLA","SELL",931.3988,11.9079,0.0613,"C0040","EQ"
"T0000732",2026-03-08,"AMZN","BUY",381.838,21.6881,0.2119,"C0059","FI"
"T0000733",2026-06-13,"TSLA","BUY",883.1873,29.0394,0.2442,"C0076","WEALTH"
"T0000734",2026-02-04,"TSLA","SELL",700.3185,112.1146,0.1084,"C0040","WEALTH"
"T0000735",2026-02-08,"NVDA","SELL",731.726,70.3042,0.0623,"C0042","DERIV"
"T0000736",2026-02-06,"EURO","BUY",282.3041,28.1743,0.21,"C0040","DERIV"
"T0000737",2026-03-27,"AMZN","BUY",431.9186,15.0044,0.0759,"C0062","EQ"
"T0000738",2026-05-12,"EURO","BUY",726.4343,47.7918,0.0798,"C0039","EQ"
"T0000739",2026-01-29,"META","BUY",805.7352,13.1825,0.09,"C0019","EQ"
"T0000740",2026-05-16,"ORO","BUY",435.6136,32.0242,0.0776,"C0069","EQ"
"T0000741",2026-02-13,"GOOG","SELL",268.333,42.6756,0.3676,"C0008","EQ"
"T0000742",2026-02-13,"AAPL","SELL",783.8993,145.1867,0.1965,"C0077","FX"
"T0000743",2026-01-12,"NVDA","SELL",190.7241,111.7976,0.1665,"C0038","EQ"
"T0000744",2026-04-21,"DOLAR","BUY",165.9355,64.272,0.0962,"C0017","EQ"
"T0000745",2026-05-17,"MSFT","BUY",13.9075,45.9338,0.2553,"C0033","FI"
"T0000746",2026-03-29,"GOOG","BUY",374.5981,36.9511,0.0739,"C0006","EQ"
"T0000747",2026-05-11,"NVDA","BUY",577.047,88.3797,0.1198,"C0066","EQ"
"T0000748",2026-06-03,"TSLA","BUY",803.4698,17.8986,0.2634,"C0030","FI"
"T0000749",2026-04-15,"META","BUY",11.3604,41.1272,0.0776,"C0028","FI"
"T0000750",2026-05-15,"AMZN","SELL",880.2861,146.1801,0.139,"C0021","EQ"
"T0000751",2026-06-04,"NVDA","BUY",490.8029,28.4821,0.0857,"C0074","EQ"
"T0000752",2026-06-21,"TSLA","BUY",598.6701,16.0975,0.1077,"C0002","EQ"
"T0000753",2026-06-26,"TSLA","SELL",670.8463,54.638,0.1316,"C0035","FX"
"T0000754",2026-03-20,"NVDA","BUY",417.9468,69.1395,0.1214,"C0051","FI"
"T0000755",2026-02-16,"SP500","SELL",785.3274,213.8404,0.2426,"C0039","EQ"
"T0000756",2026-05-28,"META","BUY",736.5937,26.4169,0.1979,"C0074","FI"
"T0000757",2026-04-01,"TSLA","SELL",846.7203,35.8273,0.222,"C0015","FX"
"T0000758",2026-02-14,"BONO2030","SELL",661.8314,147.2316,0.2259,"C0073","DERIV"
"T0000759",2026-05-27,"MSFT","SELL",731.0781,44.0656,0.3022,"C0048","EQ"
"T0000760",2026-03-07,"SP500","SELL",896.614,69.6435,0.1557,"C0073","FX"
"T0000761",2026-05-30,"GOOG","BUY",195.8159,79.5386,0.2012,"C0024","FI"
"T0000762",2026-06-14,"ORO","SELL",982.1772,152.7731,0.1108,"C0067","EQ"
"T0000763",2026-04-15,"NVDA","BUY",813.6546,113.7021,0.1268,"C0063","EQ"
"T0000764",2026-06-27,"GOOG","BUY",581.6386,52.8375,0.1875,"C0076","FI"
"T0000765",2026-02-02,"MSFT","SELL",525.7009,19.466,0.111,"C0003","EQ"
"T0000766",2026-03-09,"BONO2030","BUY",925.6387,51.2421,0.1086,"C0025","EQ"
"T0000767",2026-03-23,"AMZN","BUY",32.0833,98.6833,0.1601,"C0065","EQ"
"T0000768",2026-03-03,"AAPL","BUY",723.5598,151.6247,0.3416,"C0004","WEALTH"
"T0000769",2026-04-11,"BONO2030","BUY",455.5061,92.9541,0.059,"C0005","FI"
"T0000770",2026-04-09,"BONO2027","SELL",756.976,16.1488,0.1024,"C0026","FX"
"T0000771",2026-02-11,"AMZN","BUY",38.2245,60.3994,0.1709,"C0009","FI"
"T0000772",2026-02-25,"TSLA","BUY",693.7121,22.0849,0.1646,"C0042","FI"
"T0000773",2026-06-02,"AAPL","SELL",146.9121,37.2652,0.0582,"C0031","FX"
"T0000774",2026-06-16,"META","BUY",249.1424,22.6741,0.0872,"C0075","EQ"
"T0000775",2026-01-14,"EURO","BUY",268.5735,213.9953,0.0693,"C0041","FI"
"T0000776",2026-03-02,"AAPL","SELL",587.5167,47.1209,0.1322,"C0054","FI"
"T0000777",2026-04-01,"GOOG","BUY",279.3439,242.0492,0.2989,"C0043","FX"
"T0000778",2026-03-15,"DOLAR","BUY",246.1335,13.5497,0.1358,"C0076","EQ"
"T0000779",2026-05-31,"NVDA","SELL",823.2074,29.1727,0.1197,"C0064","FX"
"T0000780",2026-03-15,"META","BUY",756.8764,103.1533,0.5254,"C0071","EQ"
"T0000781",2026-05-29,"GOOG","SELL",474.4515,35.6655,0.0945,"C0060","FI"
"T0000782",2026-06-18,"AMZN","BUY",137.4556,267.3727,0.1455,"C0076","DERIV"
"T0000783",2026-06-16,"AAPL","BUY",175.1762,32.413,0.1112,"C0055","DERIV"
"T0000784",2026-03-11,"TSLA","BUY",915.9045,9.7224,0.0789,"C0056","DERIV"
"T0000785",2026-06-29,"DOLAR","SELL",263.8232,50.7229,0.1955,"C0065","EQ"
"T0000786",2026-06-05,"META","SELL",884.0473,39.7289,0.0993,"C0034","FX"
"T0000787",2026-01-08,"AMZN","SELL",283.2872,48.8785,0.2264,"C0002","EQ"
"T0000788",2026-06-08,"META","BUY",894.3548,28.2019,0.1064,"C0021","EQ"
"T0000789",2026-03-31,"AAPL","SELL",575.0737,31.5468,0.1248,"C0042","EQ"
"T0000790",2026-01-24,"MSFT","BUY",679.3992,28.9575,0.0834,"C0036","WEALTH"
"T0000791",2026-02-06,"NVDA","BUY",705.5776,39.4249,0.1118,"C0043","EQ"
"T0000792",2026-02-27,"GOOG","BUY",264.6005,21.7816,0.1705,"C0019","EQ"
"T0000793",2026-03-24,"SP500","SELL",337.583,133.3008,0.0411,"C0039","EQ"
"T0000794",2026-03-25,"NVDA","SELL",361.1548,27.0161,0.0746,"C0058","EQ"
"T0000795",2026-01-11,"ORO","SELL",367.762,151.9358,0.1611,"C0002","FI"
"T0000796",2026-04-01,"MSFT","SELL",344.3271,17.0573,0.0702,"C0074","FI"
"T0000797",2026-03-12,"GOOG","BUY",698.1011,107.1021,0.2452,"C0051","FX"
"T0000798",2026-04-16,"MSFT","BUY",112.4283,33.6976,0.0739,"C0036","FI"
"T0000799",2026-06-21,"DOLAR","SELL",193.1253,60.6575,0.0809,"C0059","EQ"
"T0000800",2026-04-28,"NVDA","SELL",82.3255,100.6406,0.1186,"C0050","WEALTH"
"T0000801",2026-05-12,"AMZN","SELL",436.7401,26.214,0.1154,"C0006","FX"
"T0000802",2026-06-08,"NVDA","BUY",920.0011,66.0172,0.1167,"C0020","EQ"
"T0000803",2026-06-29,"SP500","SELL",443.8531,52.6807,0.1744,"C0018","EQ"
"T0000804",2026-02-04,"META","BUY",270.9027,22.3128,0.1916,"C0017","WEALTH"
"T0000805",2026-03-06,"MSFT","SELL",222.8509,86.6056,0.0457,"C0067","EQ"
"T0000806",2026-06-25,"AAPL","SELL",791.7836,8.6591,0.2408,"C0058","EQ"
"T0000807",2026-05-02,"NVDA","BUY",255.4362,187.7684,0.3045,"C0012","EQ"
"T0000808",2026-01-05,"SP500","BUY",59.0011,142.1748,0.0864,"C0066","EQ"
"T0000809",2026-01-17,"ORO","SELL",379.8881,46.4631,0.0438,"C0008","FI"
"T0000810",2026-02-12,"AMZN","BUY",906.6234,38.6359,0.0508,"C0012","EQ"
"T0000811",2026-02-02,"GOOG","BUY",189.7191,72.0643,0.0431,"C0066","EQ"
"T0000812",2026-03-23,"BONO2027","SELL",352.4614,37.0289,0.1636,"C0075","FX"
"T0000813",2026-03-08,"AMZN","BUY",462.5583,46.7005,0.1988,"C0008","FI"
"T0000814",2026-03-10,"MSFT","BUY",956.4726,65.6172,0.3291,"C0006","FX"
"T0000815",2026-02-08,"BONO2027","SELL",101.8822,50.6165,0.165,"C0048","DERIV"
"T0000816",2026-01-13,"BONO2030","BUY",36.7195,214.4678,0.2365,"C0042","EQ"
"T0000817",2026-02-02,"TSLA","BUY",646.7409,41.7375,0.0973,"C0056","FX"
"T0000818",2026-04-30,"TSLA","SELL",66.2372,27.1056,0.0749,"C0041","WEALTH"
"T0000819",2026-06-27,"BONO2027","BUY",320.133,22.0642,0.1596,"C0031","EQ"
"T0000820",2026-05-18,"NVDA","BUY",262.9024,34.7154,0.1664,"C0016","FI"
"T0000821",2026-03-19,"BONO2030","BUY",788.0476,25.0404,0.0392,"C0025","FX"
"T0000822",2026-04-16,"NVDA","BUY",139.8035,116.2875,0.2386,"C0060","WEALTH"
"T0000823",2026-04-08,"GOOG","BUY",665.386,66.5659,0.0941,"C0071","EQ"
"T0000824",2026-05-04,"TSLA","BUY",907.6698,50.2123,0.1271,"C0060","FI"
"T0000825",2026-03-22,"META","SELL",304.975,55.8243,0.074,"C0035","EQ"
"T0000826",2026-01-02,"AMZN","SELL",723.788,26.4215,0.1991,"C0010","EQ"
"T0000827",2026-03-28,"GOOG","BUY",364.7379,358.0766,0.1088,"C0042","EQ"
"T0000828",2026-04-01,"TSLA","SELL",433.1834,104.2733,0.0579,"C0061","EQ"
"T0000829",2026-02-09,"GOOG","BUY",729.1391,102.2389,0.1617,"C0067","EQ"
"T0000830",2026-06-11,"ORO","SELL",263.5351,62.5639,0.0506,"C0004","EQ"
"T0000831",2026-06-26,"DOLAR","SELL",769.2026,62.0139,0.1213,"C0070","FI"
"T0000832",2026-05-08,"MSFT","BUY",510.717,93.9173,0.1375,"C0072","EQ"
"T0000833",2026-04-28,"NVDA","BUY",683.532,77.2848,0.6875,"C0007","FI"
"T0000834",2026-03-08,"AMZN","BUY",445.1949,101.946,0.1847,"C0017","FI"
"T0000835",2026-06-20,"AAPL","SELL",629.0235,38.2577,0.0633,"C0059","EQ"
"T0000836",2026-02-27,"MSFT","BUY",660.4414,150.9899,0.1704,"C0037","WEALTH"
"T0000837",2026-02-06,"AAPL","BUY",38.3969,16.7984,0.1281,"C0031","DERIV"
"T0000838",2026-01-22,"BONO2027","SELL",782.2525,235.2875,0.1551,"C0061","FI"
"T0000839",2026-01-03,"AAPL","BUY",547.9718,51.1249,0.0515,"C0012","DERIV"
"T0000840",2026-03-19,"AMZN","SELL",437.3194,64.4347,0.3726,"C0076","WEALTH"
"T0000841",2026-01-16,"MSFT","BUY",78.9742,52.116,0.19,"C0048","EQ"
"T0000842",2026-03-15,"AMZN","SELL",834.643,27.8145,0.1084,"C0049","WEALTH"
"T0000843",2026-01-27,"BONO2027","SELL",530.7738,37.5927,0.0403,"C0079","EQ"
"T0000844",2026-01-09,"TSLA","BUY",944.9761,183.6734,0.1726,"C0055","DERIV"
"T0000845",2026-04-09,"META","SELL",255.1053,286.9102,0.0588,"C0067","WEALTH"
"T0000846",2026-06-15,"ORO","SELL",759.7591,23.4437,0.0669,"C0073","EQ"
"T0000847",2026-06-25,"GOOG","SELL",458.5291,72.5444,0.1882,"C0032","DERIV"
"T0000848",2026-06-07,"META","SELL",894.6933,35.513,0.2112,"C0049","FI"
"T0000849",2026-04-04,"ORO","BUY",119.864,58.689,0.1083,"C0056","FI"
"T0000850",2026-02-06,"TSLA","SELL",748.9992,72.156,0.0507,"C0003","FX"
"T0000851",2026-01-20,"AMZN","BUY",435.2895,36.0889,0.0331,"C0061","FI"
"T0000852",2026-04-10,"MSFT","BUY",831.2735,68.7063,0.0587,"C0006","WEALTH"
"T0000853",2026-04-08,"MSFT","SELL",935.7385,207.3607,0.0895,"C0025","FI"
"T0000854",2026-03-08,"MSFT","BUY",268.3575,22.9944,0.0758,"C0074","EQ"
"T0000855",2026-01-17,"DOLAR","SELL",966.0459,39.7146,0.1648,"C0024","WEALTH"
"T0000856",2026-03-29,"DOLAR","SELL",677.3366,69.253,0.0832,"C0041","EQ"
"T0000857",2026-01-08,"TSLA","SELL",7.4052,73.6072,0.1805,"C0013","FI"
"T0000858",2026-06-16,"DOLAR","SELL",704.1983,57.6314,0.2785,"C0035","DERIV"
"T0000859",2026-02-22,"SP500","BUY",49.982,72.0462,0.104,"C0032","FX"
"T0000860",2026-05-28,"DOLAR","SELL",74.9597,47.863,0.0604,"C0059","FI"
"T0000861",2026-04-02,"AMZN","BUY",78.6017,63.5601,0.0668,"C0017","EQ"
"T0000862",2026-05-31,"LETRA","SELL",972.7048,51.6785,0.2145,"C0023","DERIV"
"T0000863",2026-02-25,"SP500","SELL",101.8244,113.6542,0.0534,"C0060","EQ"
"T0000864",2026-06-10,"BONO2027","BUY",413.581,96.3936,0.3554,"C0047","EQ"
"T0000865",2026-04-30,"GOOG","SELL",981.2148,53.7707,0.1607,"C0013","WEALTH"
"T0000866",2026-01-19,"MSFT","BUY",28.4414,156.1007,0.2415,"C0019","EQ"
"T0000867",2026-03-21,"TSLA","SELL",845.2297,62.5714,0.0873,"C0054","DERIV"
"T0000868",2026-06-27,"AAPL","BUY",644.0169,86.752,0.0925,"C0007","FX"
"T0000869",2026-04-27,"META","SELL",456.9019,65.5179,0.1777,"C0049","FI"
"T0000870",2026-01-10,"GOOG","BUY",850.0853,33.4493,0.1213,"C0029","EQ"
"T0000871",2026-05-27,"NVDA","BUY",836.9947,98.2214,0.1934,"C0068","FI"
"T0000872",2026-03-18,"SP500","SELL",470.3266,12.4236,0.1214,"C0002","DERIV"
"T0000873",2026-03-28,"EURO","BUY",988.143,25.1577,0.1218,"C0048","EQ"
"T0000874",2026-04-18,"NVDA","BUY",546.674,90.2065,0.3908,"C0078","EQ"
"T0000875",2026-06-17,"META","BUY",738.2289,147.2633,0.1826,"C0053","DERIV"
"T0000876",2026-02-22,"AAPL","BUY",858.0809,16.3541,0.0336,"C0050","EQ"
"T0000877",2026-04-12,"AAPL","BUY",962.1332,140.6223,0.209,"C0067","EQ"
"T0000878",2026-04-28,"SP500","BUY",495.4077,18.7773,0.0903,"C0065","EQ"
"T0000879",2026-02-08,"SP500","BUY",126.4616,33.884,0.1391,"C0026","EQ"
"T0000880",2026-06-16,"AAPL","SELL",243.734,18.848,0.3062,"C0017","WEALTH"
"T0000881",2026-06-14,"DOLAR","BUY",141.0818,47.196,0.375,"C0043","DERIV"
"T0000882",2026-06-28,"AMZN","BUY",515.9472,56.7872,0.0415,"C0059","EQ"
"T0000883",2026-04-17,"DOLAR","BUY",857.3712,75.9186,0.0544,"C0052","DERIV"
"T0000884",2026-06-27,"LETRA","BUY",905.295,38.9437,0.1767,"C0061","DERIV"
"T0000885",2026-05-31,"EURO","SELL",813.9236,53.7464,0.0924,"C0041","EQ"
"T0000886",2026-04-16,"EURO","BUY",595.0975,69.5755,0.1021,"C0038","EQ"
"T0000887",2026-06-15,"MSFT","BUY",808.0683,25.0798,0.2842,"C0010","EQ"
"T0000888",2026-02-22,"BONO2027","BUY",719.9263,31.1582,0.103,"C0068","EQ"
"T0000889",2026-02-05,"LETRA","SELL",686.7458,164.4729,0.0675,"C0023","FX"
"T0000890",2026-03-02,"LETRA","BUY",993.1286,5.1422,0.1135,"C0056","FI"
"T0000891",2026-01-12,"MSFT","SELL",319.4681,117.2923,0.2157,"C0022","FX"
"T0000892",2026-01-06,"NVDA","SELL",377.7359,127.4887,0.157,"C0032","DERIV"
"T0000893",2026-05-09,"TSLA","BUY",829.021,160.8977,0.2137,"C0048","DERIV"
"T0000894",2026-02-28,"AAPL","BUY",224.1682,39.5971,0.047,"C0049","WEALTH"
"T0000895",2026-04-17,"TSLA","BUY",967.7114,106.9102,0.1457,"C0028","EQ"
"T0000896",2026-02-25,"EURO","SELL",891.7931,64.8678,0.2059,"C0024","DERIV"
"T0000897",2026-03-25,"DOLAR","SELL",892.695,32.7734,0.3107,"C0066","EQ"
"T0000898",2026-06-03,"ORO","BUY",100.1793,84.9683,0.0263,"C0029","DERIV"
"T0000899",2026-02-26,"NVDA","SELL",84.5844,73.4262,0.085,"C0067","DERIV"
"T0000900",2026-03-24,"ORO","BUY",946.9347,39.9961,0.2207,"C0034","DERIV"
"T0000901",2026-05-06,"MSFT","SELL",682.8089,37.7855,0.1861,"C0044","FI"
"T0000902",2026-01-03,"BONO2030","SELL",281.3154,44.1367,0.1683,"C0028","EQ"
"T0000903",2026-02-14,"LETRA","BUY",505.4204,81.5448,0.0519,"C0054","DERIV"
"T0000904",2026-05-27,"DOLAR","SELL",505.6758,52.3587,0.112,"C0022","FI"
"T0000905",2026-05-01,"AMZN","BUY",535.1693,18.5091,0.0372,"C0004","EQ"
"T0000906",2026-02-19,"BONO2027","SELL",983.4963,69.8858,0.1375,"C0030","EQ"
"T0000907",2026-03-25,"META","SELL",428.2193,40.7071,0.0749,"C0023","FX"
"T0000908",2026-01-14,"GOOG","SELL",292.937,100.3488,0.0573,"C0041","EQ"
"T0000909",2026-04-08,"TSLA","BUY",103.7128,20.7589,0.1504,"C0079","EQ"
"T0000910",2026-04-07,"META","BUY",415.5851,11.8598,0.4062,"C0068","FI"
"T0000911",2026-05-30,"GOOG","SELL",630.1552,36.6642,0.0525,"C0066","EQ"
"T0000912",2026-06-23,"META","BUY",43.2176,32.7979,0.0805,"C0026","FI"
"T0000913",2026-01-07,"GOOG","BUY",911.8572,93.7832,0.1208,"C0061","FI"
"T0000914",2026-06-24,"GOOG","BUY",81.5084,12.2371,0.0889,"C0051","DERIV"
"T0000915",2026-02-07,"DOLAR","BUY",949.1902,23.2233,0.0727,"C0051","EQ"
"T0000916",2026-04-18,"AAPL","SELL",151.898,49.3627,0.196,"C0022","EQ"
"T0000917",2026-06-20,"AMZN","SELL",684.6778,30.2947,0.0743,"C0005","FI"
"T0000918",2026-04-04,"BONO2027","BUY",719.9231,46.8526,0.1233,"C0032","EQ"
"T0000919",2026-02-18,"AAPL","BUY",231.5385,20.9337,0.2447,"C0050","EQ"
"T0000920",2026-01-25,"NVDA","SELL",96.8737,28.236,0.1689,"C0035","EQ"
"T0000921",2026-03-15,"MSFT","BUY",280.6611,26.1637,0.0519,"C0054","FI"
"T0000922",2026-06-07,"AMZN","SELL",533.9571,13.5299,0.2985,"C0054","DERIV"
"T0000923",2026-06-04,"META","SELL",271.1864,74.1752,0.1879,"C0052","EQ"
"T0000924",2026-05-27,"LETRA","SELL",579.5173,35.4153,0.155,"C0013","FI"
"T0000925",2026-06-19,"MSFT","BUY",727.1352,34.9965,0.1257,"C0029","EQ"
"T0000926",2026-03-02,"TSLA","SELL",404.6562,132.5774,0.0809,"C0049","DERIV"
"T0000927",2026-05-30,"MSFT","BUY",407.4013,93.1485,0.0828,"C0004","WEALTH"
"T0000928",2026-04-01,"ORO","BUY",782.0404,31.3451,0.0767,"C0055","FI"
"T0000929",2026-03-13,"AMZN","BUY",998.161,110.3872,0.059,"C0008","FX"
"T0000930",2026-03-12,"NVDA","BUY",644.7804,40.3189,0.1871,"C0060","WEALTH"
"T0000931",2026-04-29,"LETRA","SELL",394.8433,38.6676,0.0601,"C0013","EQ"
"T0000932",2026-01-16,"BONO2027","BUY",484.7241,62.3745,0.1747,"C0067","WEALTH"
"T0000933",2026-03-13,"NVDA","BUY",559.3064,61.0941,0.0816,"C0039","EQ"
"T0000934",2026-05-31,"ORO","BUY",559.1177,50.0971,0.229,"C0065","WEALTH"
"T0000935",2026-03-01,"BONO2027","SELL",418.6669,44.6302,0.2528,"C0061","DERIV"
"T0000936",2026-04-05,"AMZN","SELL",105.9294,75.1899,0.1376,"C0077","EQ"
"T0000937",2026-05-06,"DOLAR","SELL",260.9945,120.945,0.1723,"C0053","EQ"
"T0000938",2026-04-03,"AAPL","BUY",951.459,39.8412,0.1604,"C0016","EQ"
"T0000939",2026-06-20,"TSLA","BUY",801.8601,174.4102,0.0584,"C0027","WEALTH"
"T0000940",2026-06-04,"TSLA","BUY",618.7348,27.9943,0.2203,"C0032","FI"
"T0000941",2026-03-15,"META","BUY",299.5993,270.7418,0.2164,"C0032","EQ"
"T0000942",2026-05-08,"NVDA","SELL",512.6488,105.239,0.0788,"C0042","EQ"
"T0000943",2026-05-26,"GOOG","BUY",501.4448,40.8857,0.0748,"C0049","WEALTH"
"T0000944",2026-01-16,"NVDA","SELL",370.9217,9.969,0.1689,"C0011","FX"
"T0000945",2026-03-26,"NVDA","SELL",389.6287,39.7083,0.0708,"C0013","FX"
"T0000946",2026-04-11,"BONO2030","BUY",259.7467,41.3438,0.151,"C0037","EQ"
"T0000947",2026-05-31,"TSLA","SELL",3.3362,173.4626,0.1989,"C0031","FI"
"T0000948",2026-06-27,"AAPL","BUY",872.9461,73.7727,0.1157,"C0073","WEALTH"
"T0000949",2026-01-02,"META","BUY",742.7118,12.7191,0.1247,"C0056","DERIV"
"T0000950",2026-05-08,"AAPL","BUY",563.366,67.9077,0.0901,"C0002","EQ"
"T0000951",2026-04-02,"META","SELL",563.114,25.6811,0.1128,"C0054","FI"
"T0000952",2026-06-08,"GOOG","BUY",124.3117,14.0032,0.0965,"C0077","EQ"
"T0000953",2026-05-05,"META","SELL",197.5118,113.8896,0.6218,"C0070","DERIV"
"T0000954",2026-03-14,"AAPL","BUY",805.1558,88.3552,0.195,"C0052","FX"
"T0000955",2026-02-02,"TSLA","SELL",913.6609,39.6457,0.2674,"C0069","EQ"
"T0000956",2026-05-25,"TSLA","SELL",782.3582,172.4276,0.1025,"C0005","WEALTH"
"T0000957",2026-04-19,"AMZN","SELL",104.2099,42.5311,0.12,"C0004","EQ"
"T0000958",2026-05-14,"SP500","SELL",428.4136,14.178,0.7059,"C0042","EQ"
"T0000959",2026-05-20,"ORO","SELL",38.6686,113.1554,0.0826,"C0072","WEALTH"
"T0000960",2026-06-10,"DOLAR","BUY",238.3973,31.817,0.0924,"C0076","FI"
"T0000961",2026-05-19,"ORO","SELL",246.8206,60.9375,0.1248,"C0066","WEALTH"
"T0000962",2026-03-05,"BONO2027","BUY",167.7801,26.0862,0.2637,"C0023","WEALTH"
"T0000963",2026-03-02,"ORO","SELL",119.022,19.2292,0.0225,"C0036","DERIV"
"T0000964",2026-04-01,"AAPL","SELL",681.6161,77.7226,0.466,"C0007","WEALTH"
"T0000965",2026-02-20,"MSFT","SELL",785.3567,26.6037,0.0705,"C0001","DERIV"
"T0000966",2026-06-30,"ORO","SELL",581.7645,35.4011,0.0651,"C0045","EQ"
"T0000967",2026-03-28,"BONO2027","BUY",534.7181,97.4428,0.1107,"C0034","EQ"
"T0000968",2026-06-14,"NVDA","SELL",154.9751,7.0294,0.2018,"C0070","EQ"
"T0000969",2026-06-17,"NVDA","SELL",356.3127,25.7962,0.0815,"C0062","EQ"
"T0000970",2026-02-22,"DOLAR","BUY",547.4939,185.6102,0.0441,"C0069","FI"
"T0000971",2026-06-25,"NVDA","SELL",504.2209,54.3634,0.1013,"C0060","EQ"
"T0000972",2026-02-16,"AMZN","BUY",691.8032,14.203,0.1655,"C0039","FI"
"T0000973",2026-02-02,"AMZN","SELL",171.6163,52.4817,0.2284,"C0077","WEALTH"
"T0000974",2026-06-01,"SP500","SELL",560.3272,56.6218,0.2693,"C0080","EQ"
"T0000975",2026-03-13,"AMZN","BUY",572.5258,29.3503,0.1048,"C0031","EQ"
"T0000976",2026-01-06,"SP500","BUY",922.1652,31.5549,0.327,"C0026","EQ"
"T0000977",2026-02-12,"GOOG","SELL",575.9031,52.9199,0.2789,"C0071","DERIV"
"T0000978",2026-04-08,"NVDA","SELL",970.5697,106.8894,0.103,"C0070","FI"
"T0000979",2026-06-10,"MSFT","BUY",471.9335,27.8511,0.235,"C0028","FI"
"T0000980",2026-06-29,"AMZN","BUY",788.1267,96.8325,0.2562,"C0045","FI"
"T0000981",2026-04-11,"AMZN","BUY",499.3635,12.2561,0.0593,"C0028","FI"
"T0000982",2026-06-14,"LETRA","SELL",32.5879,268.4556,0.3388,"C0069","EQ"
"T0000983",2026-06-20,"AMZN","SELL",134.7497,101.1768,0.1297,"C0058","WEALTH"
"T0000984",2026-01-27,"GOOG","SELL",876.5837,33.1791,0.1837,"C0022","WEALTH"
"T0000985",2026-06-26,"ORO","BUY",825.3301,50.2557,0.129,"C0051","FI"
"T0000986",2026-05-25,"ORO","BUY",214.2233,20.3681,0.0898,"C0071","WEALTH"
"T0000987",2026-03-03,"SP500","SELL",69.5921,25.8853,0.3396,"C0033","EQ"
"T0000988",2026-03-22,"MSFT","SELL",51.3104,69.2702,0.299,"C0024","FI"
"T0000989",2026-04-29,"TSLA","SELL",987.0907,10.4686,0.0715,"C0032","EQ"
"T0000990",2026-01-26,"AAPL","BUY",634.968,93.8595,0.1346,"C0074","WEALTH"
"T0000991",2026-04-04,"LETRA","SELL",947.8787,106.6024,0.1878,"C0066","EQ"
"T0000992",2026-02-26,"DOLAR","BUY",581.5166,60.2074,0.0466,"C0003","EQ"
"T0000993",2026-05-08,"AMZN","BUY",698.6878,29.0611,0.1037,"C0045","FI"
"T0000994",2026-01-27,"SP500","SELL",493.9263,90.6413,0.1811,"C0061","FI"
"T0000995",2026-03-18,"GOOG","BUY",89.0949,46.4031,0.1104,"C0018","EQ"
"T0000996",2026-03-23,"META","SELL",279.1839,226.0192,0.0399,"C0079","DERIV"
"T0000997",2026-05-11,"NVDA","BUY",665.3262,81.6697,0.0558,"C0011","EQ"
"T0000998",2026-04-23,"MSFT","BUY",765.2193,241.7627,0.0781,"C0037","FI"
"T0000999",2026-03-15,"ORO","BUY",49.0893,33.5288,0.1509,"C0034","DERIV"
"T0001000",2026-06-10,"ORO","BUY",631.0506,137.3379,0.0457,"C0057","EQ"
